"00440001";"BenQ Mobile GmbH & Co. OHG";"Prototype";"will be Updated";"will be Updated"
"00440100";"Benq-Siemens";"Prototype";"will be Updated";"will be Updated"
"01020100";"Siemens AG";"SL56";"PCS Type Certification Review Board (PTCRB)";"North America"
"01020900";"Siemens AG";"S46";"PCS Type Certification Review Board (PTCRB)";"North America"
"01022200";"LG Electronics ";"1400/4100/4010";"PCS Type Certification Review Board (PTCRB)";"North America"
"01030500";"LG Electronics ";"G4011";"PCS Type Certification Review Board (PTCRB)";"North America"
"01033900";"Nokia Mobile Phones Ltd";"RH-29 / N-Gage QD";"PCS Type Certification Review Board (PTCRB)";"North America"
"01034500";"LG Electronics ";"C1200";"PCS Type Certification Review Board (PTCRB)";"North America"
"01034600";"LG Electronics ";"C1300i";"PCS Type Certification Review Board (PTCRB)";"North America"
"01037800";"LG Electronics ";"G4015";"PCS Type Certification Review Board (PTCRB)";"North America"
"01037900";"LG Electronics ";"L1150";"PCS Type Certification Review Board (PTCRB)";"North America"
"01042100";"LG Electronics ";"G4020";"PCS Type Certification Review Board (PTCRB)";"North America"
"01045700";"LG Electronics ";"1300";"PCS Type Certification Review Board (PTCRB)";"North America"
"01047300";"Benq-Siemens";"Prototype";"PCS Type Certification Review Board (PTCRB)";"North America"
"01047500";"LG Electronics ";"C1300i";"PCS Type Certification Review Board (PTCRB)";"North America"
"01052900";"LG Electronics ";"C1300i";"PCS Type Certification Review Board (PTCRB)";"North America"
"01054000";"LG Electronics ";"F9100";"PCS Type Certification Review Board (PTCRB)";"North America"
"01056400";"LG Electronics ";"C1300i";"PCS Type Certification Review Board (PTCRB)";"North America"
"01060500";"LG Electronics ";"C1300i";"PCS Type Certification Review Board (PTCRB)";"North America"
"01062800";"LG Electronics ";"LG-2000";"PCS Type Certification Review Board (PTCRB)";"North America"
"01074200";"LG Electronics ";"C2000";"PCS Type Certification Review Board (PTCRB)";"North America"
"01078200";"LG Electronics ";"C2000";"PCS Type Certification Review Board (PTCRB)";"North America"
"01085100";"LG Electronics ";"CU500";"PCS Type Certification Review Board (PTCRB)";"North America"
"01096500";"Nokia Mobile Phones Ltd";"RH-74 / 6061";"PCS Type Certification Review Board (PTCRB)";"North America"
"01096600";"Nokia Mobile Phones Ltd";"RH-74 / 6061";"PCS Type Certification Review Board (PTCRB)";"North America"
"01114600";"Nokia Mobile Phones Ltd";"RH-74 / 6061";"PCS Type Certification Review Board (PTCRB)";"North America"
"10015000";"Motorola Inc.";"i860";"will be Updated";"will be Updated"
"10099000";"Unknown";"PCMCIA Card";"will be Updated";"will be Updated"
"10134000";"Siemens AG";"C56";"will be Updated";"will be Updated"
"10135000";"Psion";"Netpad 5110 / 5310 / 5510 / 5710";"will be Updated";"will be Updated"
"10144500";"Nokia Mobile Phones Ltd";"RH-13 / 6340i";"will be Updated";"will be Updated"
"10166700";"SonyEricsson";"T290a";"will be Updated";"will be Updated"
"10194000";"Blackberry";"7230";"will be Updated";"will be Updated"
"10196000";"Samsung Electronics";"SGH-S300";"will be Updated";"will be Updated"
"10196000";"Samsung Electronics ";"SGH-S300m";"will be Updated";"will be Updated"
"10196800";"Samsung Electronics ";"SGH-S300m";"will be Updated";"will be Updated"
"10209000";"SonyEricsson";"T226";"will be Updated";"will be Updated"
"10215000";"Handspring";"Treo 600";"will be Updated";"will be Updated"
"10237000";"Blackberry";"7730";"will be Updated";"will be Updated"
"10239000";"Samsung Electronics ";"SGH-S300m";"will be Updated";"will be Updated"
"10260000";"Nokia Mobile Phones Ltd";"NHL-10 / 6600";"will be Updated";"will be Updated"
"10272000";"e-Mobile";"motorola c200";"will be Updated";"will be Updated"
"10340000";"PalmOne ";"TREO 600";"will be Updated";"will be Updated"
"10508000";"Samsung Electronics";"SGH-S342i";"will be Updated";"will be Updated"
"10622000";"LG Electronics ";"C2000";"will be Updated";"will be Updated"
"15050000";"PhilipsPanasonic Mobile Communications Co Ltd";"EB-2601";"will be Updated";"will be Updated"
"22803500";"Wavecom";"WMO2-G1800";"will be Updated";"will be Updated"
"25228200";"NEC Corporation";"e616";"will be Updated";"will be Updated"
"25268400";"Motorola Inc.";"C115";"will be Updated";"will be Updated"
"30000100";"Motorola Inc.";"9500";"will be Updated";"will be Updated"
"33000100";"Alcatel Radiotelephone ";"9109MA, PA, DA";"will be Updated";"will be Updated"
"33000153";"Alcatel Radiotelephone ";"9109MA, PA, DA";"will be Updated";"will be Updated"
"33000200";"Alcatel Radiotelephone ";"9109 HA";"will be Updated";"will be Updated"
"33000253";"Alcatel Radiotelephone ";"9109 HA";"will be Updated";"will be Updated"
"33000345";"Alcatel Radiotelephone ";"9109MA, PA, DA";"will be Updated";"will be Updated"
"33000500";"Alcatel Radiotelephone ";"9109 MB1";"will be Updated";"will be Updated"
"33000553";"Alcatel Radiotelephone ";"9109 MB1";"will be Updated";"will be Updated"
"33000700";"Alcatel Radiotelephone ";"9109 HB 100";"will be Updated";"will be Updated"
"33000753";"Alcatel Radiotelephone ";"9109 HB 100";"will be Updated";"will be Updated"
"33001000";"Alcatel Radiotelephone ";"9109 MB2";"will be Updated";"will be Updated"
"33001100";"Sagem ";"RC 430";"will be Updated";"will be Updated"
"33001200";"Sagem ";"RC 430";"will be Updated";"will be Updated"
"33001235";"Sagem ";"RC 430";"will be Updated";"will be Updated"
"33001295";"Sagem ";"RC 430";"will be Updated";"will be Updated"
"33001400";"Alcatel Radiotelephone ";"HC 400";"will be Updated";"will be Updated"
"33001453";"Alcatel Radiotelephone ";"HC 400";"will be Updated";"will be Updated"
"33001500";"Alcatel Radiotelephone ";"HC 600";"will be Updated";"will be Updated"
"33001553";"Alcatel Radiotelephone ";"HC 600";"will be Updated";"will be Updated"
"33001600";"Sagem ";"RD 435";"will be Updated";"will be Updated"
"33001635";"Sagem ";"RD 435";"will be Updated";"will be Updated"
"33001700";"Mitsubishi Electric ";"MT 20";"will be Updated";"will be Updated"
"33001735";"Mitsubishi Electric";"MT20";"will be Updated";"will be Updated"
"33001800";"Mitsubishi Electric ";"MT 10";"will be Updated";"will be Updated"
"33001900";"Alcatel Radiotelephone ";"HC 500";"will be Updated";"will be Updated"
"33001953";"Alcatel Radiotelephone ";"HC 500";"will be Updated";"will be Updated"
"33002000";"Alcatel Radiotelephone ";"HC 800";"will be Updated";"will be Updated"
"33002053";"Alcatel Radiotelephone ";"HC 800";"will be Updated";"will be Updated"
"33002100";"Sagem ";"RD 435";"will be Updated";"will be Updated"
"33002135";"Sagem ";"RD 435";"will be Updated";"will be Updated"
"33002195";"Sagem ";"RD 435";"will be Updated";"will be Updated"
"33002200";"Sagem ";"RD 435";"will be Updated";"will be Updated"
"33002235";"Sagem ";"RD 435";"will be Updated";"will be Updated"
"33002300";"Alcatel Radiotelephone ";"HC 1000 ITINERIS";"will be Updated";"will be Updated"
"33002353";"Alcatel Radiotelephone ";"HC 1000 ITINERIS";"will be Updated";"will be Updated"
"33002500";"Mitsubishi Electric ";"MT 11";"will be Updated";"will be Updated"
"33002535";"Mitsubishi Electric";"MT11";"will be Updated";"will be Updated"
"33002600";"Mitsubishi Electric ";"MT 20 D";"will be Updated";"will be Updated"
"33002635";"Mitsubishi Electric ";"MT 20 D";"will be Updated";"will be Updated"
"33002700";"Alcatel Radiotelephone ";"ONE TOUCH PRO";"will be Updated";"will be Updated"
"33002753";"Alcatel Radiotelephone";"One Touch Pro";"will be Updated";"will be Updated"
"20150775";"Nokia Mobile Phones Ltd";"RM-86 / 5500?";"will be Updated";"will be Updated"
"09999900";"Siemens AG";"Prototype";"will be Updated";"will be Updated"
"33002767";"Alcatel Radiotelephone";"One Touch Pro";"will be Updated";"will be Updated"
"33002800";"Sagem ";"RC 610-615-620-630";"will be Updated";"will be Updated"
"33002835";"Sagem ";"RC 610-615-620-630";"will be Updated";"will be Updated"
"33002900";"Sagem ";"RM435-635-RT510RT610";"will be Updated";"will be Updated"
"33002935";"Sagem ";"RM435-635-RT510RT610";"will be Updated";"will be Updated"
"33002982";"Sagem ";"RM435-635-RT510RT610";"will be Updated";"will be Updated"
"33002995";"Sagem ";"RM435-635-RT510RT610";"will be Updated";"will be Updated"
"33003000";"Sharp Telecommunications Europe";"TQ G 700";"will be Updated";"will be Updated"
"33003053";"Sharp Telecommunications Europe";"TQ G 700";"will be Updated";"will be Updated"
"33003200";"Sagem ";"RC 730";"will be Updated";"will be Updated"
"33003282";"Sagem ";"RC 730";"will be Updated";"will be Updated"
"33003295";"Sagem ";"RC 730";"will be Updated";"will be Updated"
"33003300";"Alcatel Radiotelephone ";"POCKETLINE SWING";"will be Updated";"will be Updated"
"33003353";"Alcatel Radiotelephone";"One Touch  Easy";"will be Updated";"will be Updated"
"33003367";"Alcatel Radiotelephone";"One Touch  Easy";"will be Updated";"will be Updated"
"33003400";"Alcatel Radiotelephone ";"ONE TOUCH EASY";"will be Updated";"will be Updated"
"33003453";"Alcatel Radiotelephone";"One Touch  Easy";"will be Updated";"will be Updated"
"33003467";"Alcatel Radiotelephone";"One Touch  Easy";"will be Updated";"will be Updated"
"33003535";"DIVERS ";"GOLDON";"will be Updated";"will be Updated"
"33003600";"Samsung Electronics ";"SGH 250";"will be Updated";"will be Updated"
"33003699";"Samsung Electronics ";"SGH 250";"will be Updated";"will be Updated"
"33003800";"Sagem ";"RC 710-720-730";"will be Updated";"will be Updated"
"33003882";"Sagem ";"RC 710-720-730";"will be Updated";"will be Updated"
"33003900";"Sagem ";"RC 725-735-755";"will be Updated";"will be Updated"
"33003935";"Sagem ";"RC 725-735-755";"will be Updated";"will be Updated"
"33003982";"Sagem ";"RC 725-735-755";"will be Updated";"will be Updated"
"33004000";"Sagem ";"RC 705-712-715";"will be Updated";"will be Updated"
"33004035";"Sagem ";"RC 705-712-715";"will be Updated";"will be Updated"
"33004082";"Sagem ";"RC 705-712-715";"will be Updated";"will be Updated"
"33004100";"Mitsubishi Electric ";"MT430 (MOBICARTE)";"will be Updated";"will be Updated"
"33004135";"Mitsubishi Electric";"MT30";"will be Updated";"will be Updated"
"33004286";"MONDIAL ";"ML 808";"will be Updated";"will be Updated"
"33004300";"Funkanlagen Leipoldt OHG";"MONDIAL FALCOM A1";"will be Updated";"will be Updated"
"33004349";"Funkanlagen Leipoldt OHG";"MONDIAL FALCOM A1";"will be Updated";"will be Updated"
"33004400";"Wavecom";"WMO1-G900";"will be Updated";"will be Updated"
"33004449";"Wavecom";"WMO1-G900";"will be Updated";"will be Updated"
"33004500";"Alcatel Radiotelephone ";"ONE TOUCH CLUB";"will be Updated";"will be Updated"
"33004553";"Alcatel Radiotelephone";"One Touch  Club";"will be Updated";"will be Updated"
"33004567";"Alcatel Radiotelephone";"One Touch  Club";"will be Updated";"will be Updated"
"33004600";"Alcatel Radiotelephone ";"ONE TOUCH EASY";"will be Updated";"will be Updated"
"33004653";"Alcatel Radiotelephone ";"ONE TOUCH EASY";"will be Updated";"will be Updated"
"33004667";"Alcatel Radiotelephone ";"ONE TOUCH EASY";"will be Updated";"will be Updated"
"33004800";"Alcatel Radiotelephone ";"ONE TOUCH COM";"will be Updated";"will be Updated"
"33004802";"Alcatel Radiotelephone ";"ONE TOUCH COM";"will be Updated";"will be Updated"
"33004900";"Alcatel Radiotelephone ";"ONE TOUCH COM";"will be Updated";"will be Updated"
"33004953";"Alcatel Radiotelephone ";"ONE TOUCH COM";"will be Updated";"will be Updated"
"33005000";"Sharp Telecommunications Europe";"MC-G1";"will be Updated";"will be Updated"
"33005053";"Sharp Telecommunications Europe";"MC-G1";"will be Updated";"will be Updated"
"33005100";"Sagem ";"RC 715";"will be Updated";"will be Updated"
"33005135";"Sagem ";"RC 715";"will be Updated";"will be Updated"
"33005182";"Sagem ";"RC 715";"will be Updated";"will be Updated"
"33005200";"Sagem ";"RC 730";"will be Updated";"will be Updated"
"33005282";"Sagem ";"RC 730";"will be Updated";"will be Updated"
"33005300";"Sagem ";"RC 712";"will be Updated";"will be Updated"
"33005335";"Sagem ";"RC 712";"will be Updated";"will be Updated"
"33005382";"Sagem ";"RC 712";"will be Updated";"will be Updated"
"33005400";"Sagem ";"RC 725";"will be Updated";"will be Updated"
"33005482";"Sagem ";"RC 725";"will be Updated";"will be Updated"
"33005500";"Sagem ";"RC 720";"will be Updated";"will be Updated"
"33005582";"Sagem ";"RC 720";"will be Updated";"will be Updated"
"33005600";"Sagem ";"RC 710";"will be Updated";"will be Updated"
"33005682";"Sagem ";"RC 710";"will be Updated";"will be Updated"
"33005700";"Sagem ";"RC 750 R/D/S";"will be Updated";"will be Updated"
"33005782";"Sagem ";"RC 750 R/D/S";"will be Updated";"will be Updated"
"33006000";"Alcatel Radiotelephone ";"ONE TOUCH EASY";"will be Updated";"will be Updated"
"33006053";"Alcatel Radiotelephone";"One Touch  Easy";"will be Updated";"will be Updated"
"33006067";"Alcatel Radiotelephone";"One Touch  Easy";"will be Updated";"will be Updated"
"33006100";"Alcatel Radiotelephone ";"ONE TOUCH EASY";"will be Updated";"will be Updated"
"33006153";"Alcatel Radiotelephone";"One Touch  Easy";"will be Updated";"will be Updated"
"33006167";"Alcatel Radiotelephone";"One Touch  Easy";"will be Updated";"will be Updated"
"33006200";"Mitsubishi Electric ";"MT30 - MT230 - MT430";"will be Updated";"will be Updated"
"33006235";"Mitsubishi Electric";"MT30X";"will be Updated";"will be Updated"
"33006335";"Mitsubishi Electric ";"MT35X-MT235X-MT435X";"will be Updated";"will be Updated"
"33006400";"Mitsubishi Electric ";"MT35 - MT235 - MT435";"will be Updated";"will be Updated"
"33006435";"Mitsubishi Electric ";"MT35 - MT235 - MT435";"will be Updated";"will be Updated"
"33006500";"Mitsubishi Electric ";"MT30I-MT230I-MT430I";"will be Updated";"will be Updated"
"33006535";"Mitsubishi Electric ";"MT30I-MT230I-MT430I";"will be Updated";"will be Updated"
"33006600";"Mitsubishi Electric ";"MT35I-MT235I-MT435I";"will be Updated";"will be Updated"
"33006635";"Mitsubishi Electric ";"MT35I-MT235I-MT435I";"will be Updated";"will be Updated"
"33007200";"Sagem ";"RC 700 (MCT)";"will be Updated";"will be Updated"
"33007235";"Sagem ";"RC 700 (MCT)";"will be Updated";"will be Updated"
"33007282";"Sagem ";"RC 700 (MCT)";"will be Updated";"will be Updated"
"33007300";"Alcatel Radiotelephone ";"ONE TOUCH VIEW";"will be Updated";"will be Updated"
"33007353";"Alcatel Radiotelephone";"One Touch  View";"will be Updated";"will be Updated"
"33007367";"Alcatel Radiotelephone";"One Touch  View";"will be Updated";"will be Updated"
"33007370";"Alcatel Radiotelephone";"One Touch  View";"will be Updated";"will be Updated"
"33007371";"Alcatel Radiotelephone";"One Touch  View";"will be Updated";"will be Updated"
"33007453";"Alcatel Radiotelephone ";"ONE TOUCH VIEW";"will be Updated";"will be Updated"
"33007500";"Alcatel Radiotelephone ";"ONE TOUCH POCKET";"will be Updated";"will be Updated"
"33007553";"Alcatel Radiotelephone";"One Touch  Pocket";"will be Updated";"will be Updated"
"33007567";"Alcatel Radiotelephone";"One Touch  Pocket";"will be Updated";"will be Updated"
"33007570";"Alcatel Radiotelephone";"One Touch  Pocket";"will be Updated";"will be Updated"
"33007571";"Alcatel Radiotelephone";"One Touch  Pocket";"will be Updated";"will be Updated"
"33007800";"Sagem ";"RD 750 X/R/T";"will be Updated";"will be Updated"
"33007882";"Sagem ";"RD 750 X/R/T";"will be Updated";"will be Updated"
"33008000";"Sagem ";"RC 728";"will be Updated";"will be Updated"
"33008035";"Sagem ";"RC 728";"will be Updated";"will be Updated"
"33008100";"Sagem ";"RD 900 S/SC.GSM 2400";"will be Updated";"will be Updated"
"33008182";"Sagem ";"RD 900 S/SC.GSM 2400";"will be Updated";"will be Updated"
"33008500";"Alcatel Radiotelephone ";"ONE TOUCH EASY";"will be Updated";"will be Updated"
"33008553";"Alcatel Radiotelephone ";"ONE TOUCH EASY";"will be Updated";"will be Updated"
"33009000";"Alcatel Radiotelephone ";"ONE TOUCH EASY";"will be Updated";"will be Updated"
"33009053";"Alcatel Radiotelephone";"One Touch  Easy";"will be Updated";"will be Updated"
"33009067";"Alcatel Radiotelephone";"One Touch  Easy";"will be Updated";"will be Updated"
"33009070";"Alcatel Radiotelephone";"One Touch  Easy";"will be Updated";"will be Updated"
"33009071";"Alcatel Radiotelephone";"One Touch  Easy";"will be Updated";"will be Updated"
"33009100";"Alcatel Radiotelephone ";"ONE TOUCH CLUB";"will be Updated";"will be Updated"
"33009153";"Alcatel Radiotelephone ";"ONE TOUCH CLUB";"will be Updated";"will be Updated"
"33009167";"Alcatel Radiotelephone ";"ONE TOUCH CLUB";"will be Updated";"will be Updated"
"33009200";"Alcatel Radiotelephone";"ONE TOUCH CLUB+";"will be Updated";"will be Updated"
"33009253";"Alcatel Radiotelephone";"One Touch  Club";"will be Updated";"will be Updated"
"33009267";"Alcatel Radiotelephone";"One Touch  Club";"will be Updated";"will be Updated"
"33009270";"Alcatel Radiotelephone";"One Touch  Club";"will be Updated";"will be Updated"
"33009271";"Alcatel Radiotelephone";"One Touch  Club";"will be Updated";"will be Updated"
"33009700";"Sagem ";"RD 750 E.T/X/R";"will be Updated";"will be Updated"
"33009782";"Sagem ";"RD 750 E.T/X/R";"will be Updated";"will be Updated"
"33009900";"Sagem ";"RC 700 (MCT)";"will be Updated";"will be Updated"
"33009935";"Sagem ";"RC 700 (MCT)";"will be Updated";"will be Updated"
"33009982";"Sagem ";"RC 700 (MCT)";"will be Updated";"will be Updated"
"33010000";"Alcatel Radiotelephone";"ONE TOUCH POCKET";"will be Updated";"will be Updated"
"33010067";"Alcatel Radiotelephone ";"ONE TOUCH POCKET";"will be Updated";"will be Updated"
"33010100";"Alcatel Radiotelephone ";"ONE TOUCH CLUB+";"will be Updated";"will be Updated"
"33010153";"Alcatel Radiotelephone";"One Touch  Club";"will be Updated";"will be Updated"
"33010167";"Alcatel Radiotelephone";"One Touch  Club";"will be Updated";"will be Updated"
"33010170";"Alcatel Radiotelephone";"One Touch  Club";"will be Updated";"will be Updated"
"33010171";"Alcatel Radiotelephone";"One Touch  Club";"will be Updated";"will be Updated"
"33010200";"Alcatel Radiotelephone ";"ONE TOUCH MAX db";"will be Updated";"will be Updated"
"33010253";"Alcatel Radiotelephone";"ONE TOUCH MAX db";"will be Updated";"will be Updated"
"33010267";"Alcatel Radiotelephone";"ONE TOUCH MAX db";"will be Updated";"will be Updated"
"33010270";"Alcatel Radiotelephone";"ONE TOUCH MAX dbM";"will be Updated";"will be Updated"
"33010271";"Alcatel Radiotelephone";"ONE TOUCH MAX db";"will be Updated";"will be Updated"
"33010300";"Alcatel Radiotelephone";"ONE TOUCH POCKET";"will be Updated";"will be Updated"
"33010353";"Alcatel Radiotelephone";"One Touch  Pocket";"will be Updated";"will be Updated"
"33010367";"Alcatel Radiotelephone";"One Touch  Pocket";"will be Updated";"will be Updated"
"33010370";"Alcatel Radiotelephone";"One Touch  Pocket";"will be Updated";"will be Updated"
"33010371";"Alcatel Radiotelephone";"One Touch  Pocket";"will be Updated";"will be Updated"
"33010500";"Wavecom";"MT-18";"will be Updated";"will be Updated"
"33010533";"Wavecom";"MT-18";"will be Updated";"will be Updated"
"33010600";"Alcatel Radiotelephone";"ONE TOUCH CLUB";"will be Updated";"will be Updated"
"33010653";"Alcatel Radiotelephone";"One Touch  Club";"will be Updated";"will be Updated"
"33010667";"Alcatel Radiotelephone";"One Touch  Club";"will be Updated";"will be Updated"
"33010670";"Alcatel Radiotelephone";"One Touch  Club";"will be Updated";"will be Updated"
"33010671";"Alcatel Radiotelephone";"One Touch  Club";"will be Updated";"will be Updated"
"33011095";"Sagem ";"RD855";"will be Updated";"will be Updated"
"33011111";"Sagem ";"RD868 C";"will be Updated";"will be Updated"
"33011500";"Sagem ";"RC 820";"will be Updated";"will be Updated"
"33011535";"Sagem ";"RC 820";"will be Updated";"will be Updated"
"33011582";"Sagem ";"RC 820";"will be Updated";"will be Updated"
"33011595";"Sagem ";"RC 820";"will be Updated";"will be Updated"
"33012100";"Sagem ";"RC 822";"will be Updated";"will be Updated"
"33012135";"Sagem ";"RC 822";"will be Updated";"will be Updated"
"33012400";"Mitsubishi Electric ";"MT430 (MOBICARTE)";"will be Updated";"will be Updated"
"33012435";"Mitsubishi Electric";"MT30";"will be Updated";"will be Updated"
"33012500";"Alcatel Radiotelephone";"ONE TOUCH EASY";"will be Updated";"will be Updated"
"33012553";"Alcatel Radiotelephone";"One Touch  Easy";"will be Updated";"will be Updated"
"33012567";"Alcatel Radiotelephone";"One Touch  Easy";"will be Updated";"will be Updated"
"33012570";"Alcatel Radiotelephone";"One Touch  Easy";"will be Updated";"will be Updated"
"33012571";"Alcatel Radiotelephone";"One Touch  Easy";"will be Updated";"will be Updated"
"33012653";"Alcatel Radiotelephone";"ONE TOUCH VIEW SFR";"will be Updated";"will be Updated"
"33013500";"Sagem ";"G 8300";"will be Updated";"will be Updated"
"33013535";"Sagem ";"G 8300";"will be Updated";"will be Updated"
"33014000";"Alcatel Radiotelephone";"ONE TOUCH EASY";"will be Updated";"will be Updated"
"33014053";"Alcatel Radiotelephone";"One Touch  Easy";"will be Updated";"will be Updated"
"33014067";"Alcatel Radiotelephone";"One Touch  Easy";"will be Updated";"will be Updated"
"33014070";"Alcatel Radiotelephone";"One Touch  Easy";"will be Updated";"will be Updated"
"33014071";"Alcatel Radiotelephone";"One Touch  Easy";"will be Updated";"will be Updated"
"33014200";"Wavecom";"WM02-G900";"will be Updated";"will be Updated"
"33014233";"Wavecom";"WM02-G900";"will be Updated";"will be Updated"
"33014982";"Sagem ";"RC 835";"will be Updated";"will be Updated"
"33015482";"Sagem ";"RD 840";"will be Updated";"will be Updated"
"33016200";"Sagem ";"RC 810";"will be Updated";"will be Updated"
"33016282";"Sagem ";"RC 810";"will be Updated";"will be Updated"
"33016300";"Sagem ";"RC 820";"will be Updated";"will be Updated"
"33016335";"Sagem ";"RC 820";"will be Updated";"will be Updated"
"33016382";"Sagem ";"RC 820";"will be Updated";"will be Updated"
"33016700";"Sagem ";"G312 B5";"will be Updated";"will be Updated"
"33016735";"Sagem ";"G312 B5";"will be Updated";"will be Updated"
"33016782";"Sagem ";"G312 B5";"will be Updated";"will be Updated"
"33017082";"Sagem ";"RC 815";"will be Updated";"will be Updated"
"33017282";"Sagem ";"RC 825";"will be Updated";"will be Updated"
"33017900";"Alcatel Radiotelephone ";"ONE TOUCH CLUB+";"will be Updated";"will be Updated"
"33017953";"Alcatel Radiotelephone";"One Touch  Club";"will be Updated";"will be Updated"
"33017967";"Alcatel Radiotelephone";"One Touch  Club";"will be Updated";"will be Updated"
"33017970";"Alcatel Radiotelephone";"One Touch  Club";"will be Updated";"will be Updated"
"33017971";"Alcatel Radiotelephone";"One Touch  Club";"will be Updated";"will be Updated"
"33018100";"Sagem ";"G313-B0";"will be Updated";"will be Updated"
"33018135";"Sagem ";"G313-B0";"will be Updated";"will be Updated"
"33018182";"Sagem ";"G313-B0";"will be Updated";"will be Updated"
"33018235";"Sagem ";"G313-B5";"will be Updated";"will be Updated"
"33019000";"Sagem ";"G314-B0";"will be Updated";"will be Updated"
"33019082";"Sagem ";"G314-B0";"will be Updated";"will be Updated"
"33019235";"Sagem ";"G314-B9";"will be Updated";"will be Updated"
"33019600";"Sagem ";"RC 810";"will be Updated";"will be Updated"
"33019635";"Sagem ";"RC 810";"will be Updated";"will be Updated"
"33019682";"Sagem ";"RC 810";"will be Updated";"will be Updated"
"33019782";"Sagem ";"RC 815";"will be Updated";"will be Updated"
"33021442";"Sagem ";"G 412 S-B";"will be Updated";"will be Updated"
"33021872";"Sagem ";"G 412 P-P";"will be Updated";"will be Updated"
"33100035";"Sagem";"B500";"will be Updated";"will be Updated"
"33100082";"Sagem";"B500";"will be Updated";"will be Updated"
"33100095";"Sagem";"B500";"will be Updated";"will be Updated"
"33100435";"Sagem";"B515";"will be Updated";"will be Updated"
"33100482";"Sagem";"B515";"will be Updated";"will be Updated"
"33100495";"Sagem";"B515";"will be Updated";"will be Updated"
"33100700";"Sagem";"B510";"will be Updated";"will be Updated"
"33102100";"Sagem ";"INCONNU";"will be Updated";"will be Updated"
"33102122";"Sagem";"Sanaga";"will be Updated";"will be Updated"
"33102135";"Sagem";"Sanaga";"will be Updated";"will be Updated"
"33102182";"Sagem";"Sanaga";"will be Updated";"will be Updated"
"33102195";"Sagem";"Sanaga";"will be Updated";"will be Updated"
"33102611";"Sagem";"MC940";"will be Updated";"will be Updated"
"33102620";"Sagem";"MC940";"will be Updated";"will be Updated"
"33102622";"Sagem";"MC940";"will be Updated";"will be Updated"
"33102635";"Sagem";"MC940";"will be Updated";"will be Updated"
"33102642";"Sagem";"MC940";"will be Updated";"will be Updated"
"33102672";"Sagem";"MC940";"will be Updated";"will be Updated"
"33102682";"Sagem";"MC940";"will be Updated";"will be Updated"
"33102695";"Sagem";"MC940";"will be Updated";"will be Updated"
"33102811";"Sagem";"MC820";"will be Updated";"will be Updated"
"33102835";"Sagem";"MC820";"will be Updated";"will be Updated"
"33102842";"Sagem";"MC820";"will be Updated";"will be Updated"
"33102882";"Sagem";"MC820";"will be Updated";"will be Updated"
"33104782";"Sagem ";"DC 820";"will be Updated";"will be Updated"
"33200100";"Mitsubishi Electric ";"MT-D30 / MT-D30C";"will be Updated";"will be Updated"
"33200135";"Mitsubishi Electric ";"MT-D30 / MT-D30C";"will be Updated";"will be Updated"
"33200335";"Mitsubishi Electric";"B820";"will be Updated";"will be Updated"
"33200435";"Mitsubishi Electric";"MT401";"will be Updated";"will be Updated"
"33200700";"Sagem ";"M 22-L2";"will be Updated";"will be Updated"
"33200735";"Sagem ";"M 22-L2";"will be Updated";"will be Updated"
"33200782";"Sagem ";"M 22-L2";"will be Updated";"will be Updated"
"33200800";"Sagem ";"M 22-S2";"will be Updated";"will be Updated"
"33200882";"Sagem ";"M 22-S2";"will be Updated";"will be Updated"
"33201000";"Sagem ";"RC 820";"will be Updated";"will be Updated"
"33201022";"Sagem";"MC820";"will be Updated";"will be Updated"
"33201035";"Sagem";"MC820";"will be Updated";"will be Updated"
"33201082";"Sagem";"MC820";"will be Updated";"will be Updated"
"33201095";"Sagem";"MC820";"will be Updated";"will be Updated"
"33201195";"Sagem ";"M31 - B5";"will be Updated";"will be Updated"
"33201235";"Sagem ";"M31 - PO";"will be Updated";"will be Updated"
"33201600";"Sagem ";"MCT 820";"will be Updated";"will be Updated"
"33201622";"Sagem";"MC820";"will be Updated";"will be Updated"
"33201635";"Sagem";"MC820";"will be Updated";"will be Updated"
"33201682";"Sagem";"MC820";"will be Updated";"will be Updated"
"33201695";"Sagem";"MC820";"will be Updated";"will be Updated"
"33201700";"Sagem ";"M312 - B5";"will be Updated";"will be Updated"
"33201735";"Sagem ";"M312 - B5";"will be Updated";"will be Updated"
"33201782";"Sagem ";"M312 - B5";"will be Updated";"will be Updated"
"33201800";"Sagem ";"M 8300";"will be Updated";"will be Updated"
"33201835";"Sagem ";"M 8300";"will be Updated";"will be Updated"
"33201882";"Sagem ";"M 8300";"will be Updated";"will be Updated"
"33201895";"Sagem ";"M 8300";"will be Updated";"will be Updated"
"33201900";"Sagem ";"M312 - P5";"will be Updated";"will be Updated"
"33201982";"Sagem ";"M312 - P5";"will be Updated";"will be Updated"
"33202000";"Sagem ";"MC 835";"will be Updated";"will be Updated"
"33202022";"Sagem";"MC935";"will be Updated";"will be Updated"
"33202035";"Sagem";"MC935";"will be Updated";"will be Updated"
"33202082";"Sagem";"MC935";"will be Updated";"will be Updated"
"33202095";"Sagem";"MC935";"will be Updated";"will be Updated"
"33202100";"Alcatel Radiotelephone ";"ONE TOUCH EASY DB";"will be Updated";"will be Updated"
"33202136";"Alcatel Radiotelephone ";"ONE TOUCH EASY DB";"will be Updated";"will be Updated"
"33202153";"Alcatel Radiotelephone";"One Touch  Easy db";"will be Updated";"will be Updated"
"33202167";"Alcatel Radiotelephone";"One Touch  Easy db";"will be Updated";"will be Updated"
"33202170";"Alcatel Radiotelephone";"One Touch  Easy db";"will be Updated";"will be Updated"
"33202171";"Alcatel Radiotelephone";"One Touch  Easy db";"will be Updated";"will be Updated"
"33202200";"Mitsubishi Electric ";"TRIUM GALAXY";"will be Updated";"will be Updated"
"33202235";"Mitsubishi Electric";"Galaxy";"will be Updated";"will be Updated"
"33202300";"Mitsubishi Electric ";"TRIUM GEO";"will be Updated";"will be Updated"
"33202335";"Mitsubishi Electric";"Geo";"will be Updated";"will be Updated"
"33202400";"Mitsubishi Electric ";"TRIUM ASTRAL";"will be Updated";"will be Updated"
"33202435";"Mitsubishi Electric";"Astral";"will be Updated";"will be Updated"
"33202500";"Alcatel Radiotelephone ";"ONE TOUCH VIEW DB @";"will be Updated";"will be Updated"
"33202553";"Alcatel Radiotelephone";"One Touch  View db";"will be Updated";"will be Updated"
"33202567";"Alcatel Radiotelephone";"One Touch  View db";"will be Updated";"will be Updated"
"33202570";"Alcatel Radiotelephone";"One Touch  View db";"will be Updated";"will be Updated"
"33202571";"Alcatel Radiotelephone";"One Touch  View db";"will be Updated";"will be Updated"
"33202600";"Sagem ";"MC 836";"will be Updated";"will be Updated"
"33202622";"Sagem";"MC836";"will be Updated";"will be Updated"
"33202635";"Sagem";"MC836";"will be Updated";"will be Updated"
"33202682";"Sagem";"MC836";"will be Updated";"will be Updated"
"33202695";"Sagem";"MC836";"will be Updated";"will be Updated"
"33203435";"Sagem ";"MC 830";"will be Updated";"will be Updated"
"33203900";"Alcatel Radiotelephone ";"One Touch CB";"will be Updated";"will be Updated"
"33203936";"Alcatel Radiotelephone ";"One Touch CB";"will be Updated";"will be Updated"
"33203953";"Alcatel Radiotelephone";"One Touch  Club db";"will be Updated";"will be Updated"
"33203967";"Alcatel Radiotelephone";"One Touch  Club db";"will be Updated";"will be Updated"
"33203970";"Alcatel Radiotelephone";"One Touch  Club db";"will be Updated";"will be Updated"
"33203971";"Alcatel Radiotelephone";"One Touch  Club db";"will be Updated";"will be Updated"
"33204053";"Alcatel Radiotelephone";"ONE TOUCH MAX db";"will be Updated";"will be Updated"
"33204067";"Alcatel Radiotelephone";"ONE TOUCH MAX db";"will be Updated";"will be Updated"
"33204070";"Alcatel Radiotelephone";"ONE TOUCH MAX db";"will be Updated";"will be Updated"
"33204071";"Alcatel Radiotelephone";"ONE TOUCH MAX db";"will be Updated";"will be Updated"
"33204100";"Alcatel Radiotelephone ";"ONE TOUCH EASY DB";"will be Updated";"will be Updated"
"33204153";"Alcatel Radiotelephone";"One Touch  Easy db";"will be Updated";"will be Updated"
"33204167";"Alcatel Radiotelephone";"One Touch  Easy db";"will be Updated";"will be Updated"
"33204170";"Alcatel Radiotelephone";"One Touch  Easy db";"will be Updated";"will be Updated"
"33204171";"Alcatel Radiotelephone";"One Touch  Easy db";"will be Updated";"will be Updated"
"33204200";"Alcatel Radiotelephone";"ONE TOUCH EASY DB";"will be Updated";"will be Updated"
"33204253";"Alcatel Radiotelephone";"One Touch  Easy db";"will be Updated";"will be Updated"
"33204267";"Alcatel Radiotelephone";"One Touch  Easy db";"will be Updated";"will be Updated"
"33204270";"Alcatel Radiotelephone";"One Touch  Easy db";"will be Updated";"will be Updated"
"33204271";"Alcatel Radiotelephone";"One Touch  Easy db";"will be Updated";"will be Updated"
"33204300";"Sagem ";"M313 - BO";"will be Updated";"will be Updated"
"33204311";"Sagem";"MC820";"will be Updated";"will be Updated"
"33204322";"Sagem ";"M313 - BO";"will be Updated";"will be Updated"
"33204335";"Sagem";"MC820";"will be Updated";"will be Updated"
"33204382";"Sagem";"MC820";"will be Updated";"will be Updated"
"33204395";"Sagem";"MC820";"will be Updated";"will be Updated"
"33204400";"Sagem ";"M313 - B5";"will be Updated";"will be Updated"
"33204435";"Sagem ";"M313 - B5";"will be Updated";"will be Updated"
"33204482";"Sagem ";"M313 - B5";"will be Updated";"will be Updated"
"33204900";"Sagem ";"M 9500";"will be Updated";"will be Updated"
"33204911";"Sagem";"MC940";"will be Updated";"will be Updated"
"33204920";"Sagem";"MC940";"will be Updated";"will be Updated"
"33204922";"Sagem";"MC940";"will be Updated";"will be Updated"
"33204935";"Sagem";"MC940";"will be Updated";"will be Updated"
"33204942";"Sagem";"MC940";"will be Updated";"will be Updated"
"33204972";"Sagem";"MC940";"will be Updated";"will be Updated"
"33204982";"Sagem";"MC940";"will be Updated";"will be Updated"
"33204995";"Sagem";"MC940";"will be Updated";"will be Updated"
"33205011";"Sagem";"MC940";"will be Updated";"will be Updated"
"33205020";"Sagem";"MC940";"will be Updated";"will be Updated"
"33205022";"Sagem";"MC940";"will be Updated";"will be Updated"
"33205035";"Sagem";"MC940";"will be Updated";"will be Updated"
"33205042";"Sagem";"MC940";"will be Updated";"will be Updated"
"33205072";"Sagem";"MC940";"will be Updated";"will be Updated"
"33205082";"Sagem";"MC940";"will be Updated";"will be Updated"
"33205095";"Sagem";"MC940";"will be Updated";"will be Updated"
"33205153";"Alcatel Radiotelephone ";"ONE TOUCH GUM DB";"will be Updated";"will be Updated"
"33205200";"Sagem ";"M41P-P";"will be Updated";"will be Updated"
"33205211";"Sagem";"MC940";"will be Updated";"will be Updated"
"33205220";"Sagem";"MC940";"will be Updated";"will be Updated"
"33205222";"Sagem";"MC940";"will be Updated";"will be Updated"
"33205235";"Sagem";"MC940";"will be Updated";"will be Updated"
"33205242";"Sagem";"MC940";"will be Updated";"will be Updated"
"33205272";"Sagem";"MC940";"will be Updated";"will be Updated"
"33205282";"Sagem";"MC940";"will be Updated";"will be Updated"
"33205295";"Sagem";"MC940";"will be Updated";"will be Updated"
"33205311";"Sagem";"MC920";"will be Updated";"will be Updated"
"33205320";"Sagem";"MC920";"will be Updated";"will be Updated"
"33205322";"Sagem";"MC920";"will be Updated";"will be Updated"
"33205335";"Sagem";"MC920";"will be Updated";"will be Updated"
"33205342";"Sagem";"MC920";"will be Updated";"will be Updated"
"33205372";"Sagem";"MC920";"will be Updated";"will be Updated"
"33205382";"Sagem";"MC920";"will be Updated";"will be Updated"
"33205395";"Sagem";"MC920";"will be Updated";"will be Updated"
"33205411";"Sagem";"MC920";"will be Updated";"will be Updated"
"33205420";"Sagem";"MC920";"will be Updated";"will be Updated"
"33205422";"Sagem";"MC920";"will be Updated";"will be Updated"
"33205435";"Sagem";"MC920";"will be Updated";"will be Updated"
"33205442";"Sagem";"MC920";"will be Updated";"will be Updated"
"33205472";"Sagem";"MC920";"will be Updated";"will be Updated"
"33205482";"Sagem";"MC920";"will be Updated";"will be Updated"
"33205495";"Sagem";"MC920";"will be Updated";"will be Updated"
"33205533";"Wavecom";"Fastrack";"will be Updated";"will be Updated"
"33205600";"Sagem ";"DMC 830 GSM-DECT";"will be Updated";"will be Updated"
"33205611";"Sagem";"MC820";"will be Updated";"will be Updated"
"33205620";"Sagem";"MC820";"will be Updated";"will be Updated"
"33205622";"Sagem";"MC820";"will be Updated";"will be Updated"
"33205635";"Sagem";"MC820";"will be Updated";"will be Updated"
"33205642";"Sagem";"MC820";"will be Updated";"will be Updated"
"33205672";"Sagem";"MC820";"will be Updated";"will be Updated"
"33205682";"Sagem";"MC820";"will be Updated";"will be Updated"
"33205695";"Sagem";"MC820";"will be Updated";"will be Updated"
"33205700";"Sagem ";"M314-B5";"will be Updated";"will be Updated"
"33205722";"Sagem ";"M314-B5";"will be Updated";"will be Updated"
"33205735";"Sagem ";"M314-B5";"will be Updated";"will be Updated"
"33205772";"Sagem ";"M314-B5";"will be Updated";"will be Updated"
"33205782";"Sagem ";"M314-B5";"will be Updated";"will be Updated"
"33205800";"Sagem ";"MCT 820";"will be Updated";"will be Updated"
"33205835";"Sagem ";"MCT 820";"will be Updated";"will be Updated"
"33205900";"Sagem ";"MCT 820";"will be Updated";"will be Updated"
"33205935";"Sagem ";"MCT 820";"will be Updated";"will be Updated"
"33205982";"Sagem ";"MCT 820";"will be Updated";"will be Updated"
"33205995";"Sagem ";"MCT 820";"will be Updated";"will be Updated"
"33206082";"Sagem ";"M314-P5";"will be Updated";"will be Updated"
"33206200";"Mitsubishi Electric ";"TRIUM ARIA";"will be Updated";"will be Updated"
"33206234";"Mitsubishi Electric";"Aria";"will be Updated";"will be Updated"
"33206235";"Mitsubishi Electric";"Aria";"will be Updated";"will be Updated"
"33206300";"Alcatel Radiotelephone ";"ONE TOUCH EASY DB";"will be Updated";"will be Updated"
"33206353";"Alcatel Radiotelephone";"One Touch  Easy db";"will be Updated";"will be Updated"
"33206367";"Alcatel Radiotelephone";"One Touch  Easy db";"will be Updated";"will be Updated"
"33206370";"Alcatel Radiotelephone";"One Touch  Easy db";"will be Updated";"will be Updated"
"33206371";"Alcatel Radiotelephone";"One Touch  Easy db";"will be Updated";"will be Updated"
"33206400";"Alcatel Radiotelephone ";"ONE TOUCH EASY DB";"will be Updated";"will be Updated"
"33206453";"Alcatel Radiotelephone";"One Touch  Easy db";"will be Updated";"will be Updated"
"33206467";"Alcatel Radiotelephone";"One Touch  Easy db";"will be Updated";"will be Updated"
"33206470";"Alcatel Radiotelephone";"One Touch  Easy db";"will be Updated";"will be Updated"
"33206471";"Alcatel Radiotelephone";"One Touch  Easy db";"will be Updated";"will be Updated"
"33206500";"Sagem ";"MC 810";"will be Updated";"will be Updated"
"33206511";"Sagem";"MC810";"will be Updated";"will be Updated"
"33206520";"Sagem";"MC810";"will be Updated";"will be Updated"
"33206522";"Sagem";"MC810";"will be Updated";"will be Updated"
"33206535";"Sagem";"MC810";"will be Updated";"will be Updated"
"33206542";"Sagem";"MC810";"will be Updated";"will be Updated"
"33206572";"Sagem";"MC810";"will be Updated";"will be Updated"
"33206582";"Sagem";"MC810";"will be Updated";"will be Updated"
"33206595";"Sagem";"MC810";"will be Updated";"will be Updated"
"33206782";"Sagem ";"MC 815";"will be Updated";"will be Updated"
"33206836";"Sagem ";"MC 819";"will be Updated";"will be Updated"
"33206900";"Sagem ";"MC 820";"will be Updated";"will be Updated"
"33206911";"Sagem";"MC820";"will be Updated";"will be Updated"
"33206920";"Sagem";"MC820";"will be Updated";"will be Updated"
"33206922";"Sagem";"MC820";"will be Updated";"will be Updated"
"33206935";"Sagem";"MC820";"will be Updated";"will be Updated"
"33206942";"Sagem";"MC820";"will be Updated";"will be Updated"
"33206972";"Sagem";"MC820";"will be Updated";"will be Updated"
"33206982";"Sagem";"MC820";"will be Updated";"will be Updated"
"33206995";"Sagem";"MC820";"will be Updated";"will be Updated"
"33207182";"Sagem ";"MC 825";"will be Updated";"will be Updated"
"33207911";"Sagem";"MC839";"will be Updated";"will be Updated"
"33207920";"Sagem";"MC839";"will be Updated";"will be Updated"
"33207922";"Sagem";"MC839";"will be Updated";"will be Updated"
"33207935";"Sagem";"MC839";"will be Updated";"will be Updated"
"33207942";"Sagem";"MC839";"will be Updated";"will be Updated"
"33207972";"Sagem";"MC839";"will be Updated";"will be Updated"
"33207982";"Sagem";"MC839";"will be Updated";"will be Updated"
"33207995";"Sagem";"MC839";"will be Updated";"will be Updated"
"33208382";"Sagem ";"MC 850";"will be Updated";"will be Updated"
"33208682";"Sagem ";"MC 859";"will be Updated";"will be Updated"
"33208822";"Sagem ";"DMC 830 GSM-DECT";"will be Updated";"will be Updated"
"33209122";"Sagem ";"DMC 839";"will be Updated";"will be Updated"
"33209200";"Mitsubishi Electric ";"TRIUM GEO - WAP";"will be Updated";"will be Updated"
"33209235";"Mitsubishi Electric";"Geo";"will be Updated";"will be Updated"
"33209335";"Mitsubishi Electric";"Astral";"will be Updated";"will be Updated"
"33209400";"Mitsubishi Electric ";"TRIUM GALAXY";"will be Updated";"will be Updated"
"33209435";"Mitsubishi Electric";"Galaxy";"will be Updated";"will be Updated"
"33209600";"Sagem ";"MC 942 S";"will be Updated";"will be Updated"
"33209611";"Sagem";"MC940";"will be Updated";"will be Updated"
"33209620";"Sagem";"MC940";"will be Updated";"will be Updated"
"33209622";"Sagem";"MC940";"will be Updated";"will be Updated"
"33209635";"Sagem";"MC940";"will be Updated";"will be Updated"
"33209642";"Sagem";"MC940";"will be Updated";"will be Updated"
"33209672";"Sagem";"MC940";"will be Updated";"will be Updated"
"33209682";"Sagem";"MC940";"will be Updated";"will be Updated"
"33209695";"Sagem";"MC940";"will be Updated";"will be Updated"
"33209700";"Alcatel Radiotelephone ";"ONE TOUCH CLUB DB";"will be Updated";"will be Updated"
"33209753";"Alcatel Radiotelephone";"One Touch  Club db";"will be Updated";"will be Updated"
"33209767";"Alcatel Radiotelephone";"One Touch  Club db";"will be Updated";"will be Updated"
"33209770";"Alcatel Radiotelephone";"One Touch  Club db";"will be Updated";"will be Updated"
"33209771";"Alcatel Radiotelephone";"One Touch  Club db";"will be Updated";"will be Updated"
"33209800";"Alcatel Radiotelephone ";"ONE TOUCH CLUB DB";"will be Updated";"will be Updated"
"33209853";"Alcatel Radiotelephone";"One Touch  Club db";"will be Updated";"will be Updated"
"33209867";"Alcatel Radiotelephone";"One Touch  Club db";"will be Updated";"will be Updated"
"33209870";"Alcatel Radiotelephone";"One Touch  Club db";"will be Updated";"will be Updated"
"33209871";"Alcatel Radiotelephone";"One Touch  Club db";"will be Updated";"will be Updated"
"33210200";"Sagem ";"MC 840 M";"will be Updated";"will be Updated"
"33210211";"Sagem";"MC840";"will be Updated";"will be Updated"
"33210220";"Sagem";"MC840";"will be Updated";"will be Updated"
"33210222";"Sagem";"MC840";"will be Updated";"will be Updated"
"33210235";"Sagem";"MC840";"will be Updated";"will be Updated"
"33210242";"Sagem";"MC840";"will be Updated";"will be Updated"
"33210272";"Sagem";"MC840";"will be Updated";"will be Updated"
"33210282";"Sagem";"MC840";"will be Updated";"will be Updated"
"33210295";"Sagem";"MC840";"will be Updated";"will be Updated"
"33210300";"Sagem ";"MC 840";"will be Updated";"will be Updated"
"33210311";"Sagem";"MC840";"will be Updated";"will be Updated"
"33210320";"Sagem";"MC840";"will be Updated";"will be Updated"
"33210322";"Sagem";"MC840";"will be Updated";"will be Updated"
"33210335";"Sagem";"MC840";"will be Updated";"will be Updated"
"33210342";"Sagem";"MC840";"will be Updated";"will be Updated"
"33210372";"Sagem";"MC840";"will be Updated";"will be Updated"
"33210382";"Sagem";"MC840";"will be Updated";"will be Updated"
"33210395";"Sagem";"MC840";"will be Updated";"will be Updated"
"33210800";"Mitsubishi Electric ";"Trium Laser";"will be Updated";"will be Updated"
"33210834";"Mitsubishi Electric";"Luna";"will be Updated";"will be Updated"
"33210835";"Mitsubishi Electric";"Luna";"will be Updated";"will be Updated"
"33210900";"Mitsubishi Electric ";"Trium Laser";"will be Updated";"will be Updated"
"33210934";"Mitsubishi Electric";"Laser";"will be Updated";"will be Updated"
"33210935";"Mitsubishi Electric";"Laser";"will be Updated";"will be Updated"
"33211200";"Alcatel Radiotelephone ";"ONE TOUCH VIEW DB";"will be Updated";"will be Updated"
"33211253";"Alcatel Radiotelephone";"ONE TOUCH VIEW DB";"will be Updated";"will be Updated"
"33211267";"Alcatel Radiotelephone";"ONE TOUCH VIEW DB";"will be Updated";"will be Updated"
"33211270";"Alcatel Radiotelephone";"ONE TOUCH VIEW DB";"will be Updated";"will be Updated"
"33211271";"Alcatel Radiotelephone";"ONE TOUCH VIEW DB";"will be Updated";"will be Updated"
"33211442";"Alcatel Radiotelephone ";"ONE TOUCH MAX DB";"will be Updated";"will be Updated"
"33211453";"Alcatel Radiotelephone";"ONE TOUCH MAX DB";"will be Updated";"will be Updated"
"33211467";"Alcatel Radiotelephone";"ONE TOUCH MAX DB";"will be Updated";"will be Updated"
"33211470";"Alcatel Radiotelephone";"ONE TOUCH MAX DB";"will be Updated";"will be Updated"
"33211471";"Alcatel Radiotelephone";"ONE TOUCH MAX DB";"will be Updated";"will be Updated"
"33211553";"Alcatel Radiotelephone";"ONE TOUCH MAX DB";"will be Updated";"will be Updated"
"33211567";"Alcatel Radiotelephone";"ONE TOUCH MAX DB";"will be Updated";"will be Updated"
"33211570";"Alcatel Radiotelephone";"ONE TOUCH MAX DB";"will be Updated";"will be Updated"
"33211571";"Alcatel Radiotelephone";"ONE TOUCH MAX DB";"will be Updated";"will be Updated"
"33211800";"Sagem ";"M412 S-P";"will be Updated";"will be Updated"
"33211811";"Sagem";"MC920";"will be Updated";"will be Updated"
"33211820";"Sagem";"MC920";"will be Updated";"will be Updated"
"33211822";"Sagem";"MC920";"will be Updated";"will be Updated"
"33211835";"Sagem";"MC920";"will be Updated";"will be Updated"
"33211842";"Sagem";"MC920";"will be Updated";"will be Updated"
"33211872";"Sagem";"MC920";"will be Updated";"will be Updated"
"33211882";"Sagem";"MC920";"will be Updated";"will be Updated"
"33211895";"Sagem";"MC920";"will be Updated";"will be Updated"
"33211900";"Sagem ";"M 412 S-B";"will be Updated";"will be Updated"
"33211935";"Sagem ";"M 412 S-B";"will be Updated";"will be Updated"
"33211942";"Sagem ";"M 412 S-B";"will be Updated";"will be Updated"
"33211972";"Sagem ";"M 412 S-B";"will be Updated";"will be Updated"
"33211982";"Sagem ";"M 412 S-B";"will be Updated";"will be Updated"
"33211995";"Sagem ";"M 412 S-B";"will be Updated";"will be Updated"
"33212000";"Sagem ";"M 412 F-P";"will be Updated";"will be Updated"
"33212035";"Sagem ";"M 412 F-P";"will be Updated";"will be Updated"
"33212042";"Sagem ";"M 412 F-P";"will be Updated";"will be Updated"
"33212072";"Sagem ";"M 412 F-P";"will be Updated";"will be Updated"
"33212082";"Sagem ";"M 412 F-P";"will be Updated";"will be Updated"
"33212095";"Sagem ";"M 412 F-P";"will be Updated";"will be Updated"
"33212135";"Sagem ";"M 412 F-B";"will be Updated";"will be Updated"
"33212200";"Sagem ";"M 412 P-P";"will be Updated";"will be Updated"
"33212211";"Sagem";"MC920";"will be Updated";"will be Updated"
"33212220";"Sagem";"MC920";"will be Updated";"will be Updated"
"33212222";"Sagem";"MC920";"will be Updated";"will be Updated"
"33212223";"Sagem ";"M 412 P-P";"will be Updated";"will be Updated"
"33212235";"Sagem";"MC920";"will be Updated";"will be Updated"
"33212242";"Sagem";"MC920";"will be Updated";"will be Updated"
"33212272";"Sagem";"MC920";"will be Updated";"will be Updated"
"33212282";"Sagem";"MC920";"will be Updated";"will be Updated"
"33212293";"Sagem ";"M 412 P-P";"will be Updated";"will be Updated"
"33212295";"Sagem";"MC920";"will be Updated";"will be Updated"
"33212342";"Sagem ";"MC 922 S";"will be Updated";"will be Updated"
"33212382";"Sagem ";"MC 922 S";"will be Updated";"will be Updated"
"33212411";"Sagem";"MC932";"will be Updated";"will be Updated"
"33212420";"Sagem";"MC932";"will be Updated";"will be Updated"
"33212422";"Sagem";"MC932";"will be Updated";"will be Updated"
"33212435";"Sagem";"MC932";"will be Updated";"will be Updated"
"33212442";"Sagem";"MC932";"will be Updated";"will be Updated"
"33212472";"Sagem";"MC932";"will be Updated";"will be Updated"
"33212482";"Sagem";"MC932";"will be Updated";"will be Updated"
"33212495";"Sagem";"MC932";"will be Updated";"will be Updated"
"33212535";"Sagem ";"M 413 S-P";"will be Updated";"will be Updated"
"33212582";"Sagem ";"M 413 S-P";"will be Updated";"will be Updated"
"33212635";"Sagem ";"M 413 S-B";"will be Updated";"will be Updated"
"33212935";"Sagem ";"M 413 P-P";"will be Updated";"will be Updated"
"33213000";"Alcatel Radiotelephone ";"ONE TOUCH Easy db";"will be Updated";"will be Updated"
"33213036";"Alcatel Radiotelephone";"ONE TOUCH Easy db";"will be Updated";"will be Updated"
"33213040";"Alcatel Radiotelephone";"ONE TOUCH Easy db";"will be Updated";"will be Updated"
"33213053";"Alcatel Radiotelephone";"ONE TOUCH Easy db";"will be Updated";"will be Updated"
"33213067";"Alcatel Radiotelephone";"ONE TOUCH Easy db";"will be Updated";"will be Updated"
"33213070";"Alcatel Radiotelephone";"ONE TOUCH Easy db";"will be Updated";"will be Updated"
"33213071";"Alcatel Radiotelephone";"ONE TOUCH Easy db";"will be Updated";"will be Updated"
"33213100";"Alcatel Radiotelephone ";"ONE TOUCH Easy db";"will be Updated";"will be Updated"
"33213136";"Alcatel Radiotelephone";"ONE TOUCH Easy db";"will be Updated";"will be Updated"
"33213140";"Alcatel Radiotelephone";"ONE TOUCH Easy db";"will be Updated";"will be Updated"
"33213153";"Alcatel Radiotelephone";"ONE TOUCH Easy db";"will be Updated";"will be Updated"
"33213167";"Alcatel Radiotelephone";"ONE TOUCH Easy db";"will be Updated";"will be Updated"
"33213170";"Alcatel Radiotelephone";"ONE TOUCH Easy db";"will be Updated";"will be Updated"
"33213171";"Alcatel Radiotelephone";"ONE TOUCH Easy db";"will be Updated";"will be Updated"
"33213236";"Alcatel Radiotelephone";"ONE TOUCH Easy db";"will be Updated";"will be Updated"
"33213240";"Alcatel Radiotelephone";"ONE TOUCH Easy db";"will be Updated";"will be Updated"
"33213253";"Alcatel Radiotelephone";"ONE TOUCH Easy db";"will be Updated";"will be Updated"
"33213267";"Alcatel Radiotelephone";"ONE TOUCH Easy db";"will be Updated";"will be Updated"
"33213270";"Alcatel Radiotelephone";"ONE TOUCH Easy db";"will be Updated";"will be Updated"
"33213271";"Alcatel Radiotelephone";"ONE TOUCH Easy db";"will be Updated";"will be Updated"
"33213500";"Alcatel Radiotelephone ";"ONE TOUCH Club db";"will be Updated";"will be Updated"
"33213536";"Alcatel Radiotelephone";"ONE TOUCH Club db";"will be Updated";"will be Updated"
"33213540";"Alcatel Radiotelephone";"ONE TOUCH Club db";"will be Updated";"will be Updated"
"33213553";"Alcatel Radiotelephone";"ONE TOUCH Club db";"will be Updated";"will be Updated"
"33213567";"Alcatel Radiotelephone";"ONE TOUCH Club db";"will be Updated";"will be Updated"
"33213570";"Alcatel Radiotelephone";"ONE TOUCH Club db";"will be Updated";"will be Updated"
"33213571";"Alcatel Radiotelephone";"ONE TOUCH Club db";"will be Updated";"will be Updated"
"33213636";"Alcatel Radiotelephone";"ONE TOUCH Club db";"will be Updated";"will be Updated"
"33213640";"Alcatel Radiotelephone";"ONE TOUCH Club db";"will be Updated";"will be Updated"
"33213653";"Alcatel Radiotelephone";"ONE TOUCH Club db";"will be Updated";"will be Updated"
"33213667";"Alcatel Radiotelephone";"ONE TOUCH Club db";"will be Updated";"will be Updated"
"33213670";"Alcatel Radiotelephone";"ONE TOUCH Club db";"will be Updated";"will be Updated"
"33213671";"Alcatel Radiotelephone";"ONE TOUCH Club db";"will be Updated";"will be Updated"
"33214000";"Alcatel Radiotelephone";"ONE TOUCH VIEW DB";"will be Updated";"will be Updated"
"33214036";"Alcatel Radiotelephone";"ONE TOUCH VIEW DB";"will be Updated";"will be Updated"
"33214040";"Alcatel Radiotelephone";"ONE TOUCH VIEW DB";"will be Updated";"will be Updated"
"33214053";"Alcatel Radiotelephone";"ONE TOUCH VIEW DB";"will be Updated";"will be Updated"
"33214067";"Alcatel Radiotelephone";"ONE TOUCH VIEW DB";"will be Updated";"will be Updated"
"33214070";"Alcatel Radiotelephone";"ONE TOUCH VIEW DB";"will be Updated";"will be Updated"
"33214071";"Alcatel Radiotelephone";"ONE TOUCH VIEW DB";"will be Updated";"will be Updated"
"33214234";"Mitsubishi Electric";"Geo";"will be Updated";"will be Updated"
"33214235";"Mitsubishi Electric";"Geo";"will be Updated";"will be Updated"
"33214300";"Mitsubishi Electric ";"TRIUM GALAXY";"will be Updated";"will be Updated"
"33214334";"Mitsubishi Electric";"Galaxy";"will be Updated";"will be Updated"
"33214335";"Mitsubishi Electric";"Galaxy";"will be Updated";"will be Updated"
"33214400";"Mitsubishi Electric ";"TRIUM ASTRAL";"will be Updated";"will be Updated"
"33214434";"Mitsubishi Electric";"Astral";"will be Updated";"will be Updated"
"33214435";"Mitsubishi Electric";"Astral";"will be Updated";"will be Updated"
"33214534";"Mitsubishi Electric";"Geo";"will be Updated";"will be Updated"
"33214535";"Mitsubishi Electric";"Geo";"will be Updated";"will be Updated"
"33214834";"Mitsubishi Electric";"Astral";"will be Updated";"will be Updated"
"33214835";"Mitsubishi Electric";"Astral";"will be Updated";"will be Updated"
"33214934";"Mitsubishi Electric";"Astral";"will be Updated";"will be Updated"
"33214935";"Mitsubishi Electric";"Astral";"will be Updated";"will be Updated"
"33215200";"Sagem ";"MC 936";"will be Updated";"will be Updated"
"33215235";"Sagem ";"MC 936";"will be Updated";"will be Updated"
"33215242";"Sagem ";"MC 936";"will be Updated";"will be Updated"
"33215272";"Sagem ";"MC 936";"will be Updated";"will be Updated"
"33215282";"Sagem ";"MC 936";"will be Updated";"will be Updated"
"33215295";"Sagem ";"MC 936";"will be Updated";"will be Updated"
"33215300";"Sagem ";"MC 936";"will be Updated";"will be Updated"
"33215335";"Sagem ";"MC 936";"will be Updated";"will be Updated"
"33215342";"Sagem ";"MC 936";"will be Updated";"will be Updated"
"33215372";"Sagem ";"MC 936";"will be Updated";"will be Updated"
"33215382";"Sagem ";"MC 936";"will be Updated";"will be Updated"
"33215434";"Mitsubishi Electric";"Aria";"will be Updated";"will be Updated"
"33215435";"Mitsubishi Electric";"Aria";"will be Updated";"will be Updated"
"33215500";"Mitsubishi Electric ";"TRIUM COSMO";"will be Updated";"will be Updated"
"33215534";"Mitsubishi Electric";"Cosmo";"will be Updated";"will be Updated"
"33215535";"Mitsubishi Electric";"Cosmo";"will be Updated";"will be Updated"
"33215634";"Mitsubishi Electric";"Cosmo";"will be Updated";"will be Updated"
"33215635";"Mitsubishi Electric";"Cosmo";"will be Updated";"will be Updated"
"33215700";"Alcatel Radiotelephone";"ONE TOUCH 302, 303";"will be Updated";"will be Updated"
"33215736";"Alcatel Radiotelephone";"One Touch 304";"will be Updated";"will be Updated"
"33215740";"Alcatel Radiotelephone";"One Touch 304";"will be Updated";"will be Updated"
"33215753";"Alcatel Radiotelephone";"One Touch 304";"will be Updated";"will be Updated"
"33215767";"Alcatel Radiotelephone";"One Touch 304";"will be Updated";"will be Updated"
"33215770";"Alcatel Radiotelephone";"One Touch 304";"will be Updated";"will be Updated"
"33215771";"Alcatel Radiotelephone";"One Touch 304";"will be Updated";"will be Updated"
"33215836";"Alcatel Radiotelephone";"One Touch 304";"will be Updated";"will be Updated"
"33215840";"Alcatel Radiotelephone";"One Touch 304";"will be Updated";"will be Updated"
"33215853";"Alcatel Radiotelephone";"One Touch 304";"will be Updated";"will be Updated"
"33215867";"Alcatel Radiotelephone";"One Touch 304";"will be Updated";"will be Updated"
"33215870";"Alcatel Radiotelephone";"One Touch 304";"will be Updated";"will be Updated"
"33215871";"Alcatel Radiotelephone";"One Touch 304";"will be Updated";"will be Updated"
"33215936";"Alcatel Radiotelephone";"One Touch 304";"will be Updated";"will be Updated"
"33215940";"Alcatel Radiotelephone";"One Touch 304";"will be Updated";"will be Updated"
"33215953";"Alcatel Radiotelephone";"One Touch 304";"will be Updated";"will be Updated"
"33215967";"Alcatel Radiotelephone";"One Touch 304";"will be Updated";"will be Updated"
"33215970";"Alcatel Radiotelephone";"One Touch 304";"will be Updated";"will be Updated"
"33215971";"Alcatel Radiotelephone";"One Touch 304";"will be Updated";"will be Updated"
"33216036";"Alcatel Radiotelephone";"One Touch 304";"will be Updated";"will be Updated"
"33216040";"Alcatel Radiotelephone";"One Touch 304";"will be Updated";"will be Updated"
"33216053";"Alcatel Radiotelephone";"One Touch 304";"will be Updated";"will be Updated"
"33216067";"Alcatel Radiotelephone";"One Touch 304";"will be Updated";"will be Updated"
"33216070";"Alcatel Radiotelephone";"One Touch 304";"will be Updated";"will be Updated"
"33216071";"Alcatel Radiotelephone";"One Touch 304";"will be Updated";"will be Updated"
"33216136";"Alcatel Radiotelephone";"One Touch 304";"will be Updated";"will be Updated"
"33216140";"Alcatel Radiotelephone";"One Touch 304";"will be Updated";"will be Updated"
"33216153";"Alcatel Radiotelephone";"One Touch 304";"will be Updated";"will be Updated"
"33216167";"Alcatel Radiotelephone";"One Touch 304";"will be Updated";"will be Updated"
"33216170";"Alcatel Radiotelephone";"One Touch 304";"will be Updated";"will be Updated"
"33216171";"Alcatel Radiotelephone";"One Touch 304";"will be Updated";"will be Updated"
"33216236";"Alcatel Radiotelephone";"One Touch 304";"will be Updated";"will be Updated"
"33216240";"Alcatel Radiotelephone";"One Touch 304";"will be Updated";"will be Updated"
"33216253";"Alcatel Radiotelephone";"One Touch 304";"will be Updated";"will be Updated"
"33216267";"Alcatel Radiotelephone";"One Touch 304";"will be Updated";"will be Updated"
"33216270";"Alcatel Radiotelephone";"One Touch 304";"will be Updated";"will be Updated"
"33216271";"Alcatel Radiotelephone";"One Touch 304";"will be Updated";"will be Updated"
"33216336";"Alcatel Radiotelephone";"One Touch 304";"will be Updated";"will be Updated"
"33216340";"Alcatel Radiotelephone";"One Touch 304";"will be Updated";"will be Updated"
"33216353";"Alcatel Radiotelephone";"One Touch 304";"will be Updated";"will be Updated"
"33216367";"Alcatel Radiotelephone";"One Touch 304";"will be Updated";"will be Updated"
"33216370";"Alcatel Radiotelephone";"One Touch 304";"will be Updated";"will be Updated"
"33216371";"Alcatel Radiotelephone";"One Touch 304";"will be Updated";"will be Updated"
"33216436";"Alcatel Radiotelephone";"One Touch 304";"will be Updated";"will be Updated"
"33216440";"Alcatel Radiotelephone";"One Touch 304";"will be Updated";"will be Updated"
"33216453";"Alcatel Radiotelephone";"One Touch 304";"will be Updated";"will be Updated"
"33216467";"Alcatel Radiotelephone";"One Touch 304";"will be Updated";"will be Updated"
"33216470";"Alcatel Radiotelephone";"One Touch 304";"will be Updated";"will be Updated"
"33216471";"Alcatel Radiotelephone";"One Touch 304";"will be Updated";"will be Updated"
"33216536";"Alcatel Radiotelephone";"One Touch 304";"will be Updated";"will be Updated"
"33216540";"Alcatel Radiotelephone";"One Touch 304";"will be Updated";"will be Updated"
"33216553";"Alcatel Radiotelephone";"One Touch 304";"will be Updated";"will be Updated"
"33216567";"Alcatel Radiotelephone";"One Touch 304";"will be Updated";"will be Updated"
"33216570";"Alcatel Radiotelephone";"One Touch 304";"will be Updated";"will be Updated"
"33216571";"Alcatel Radiotelephone";"One Touch 304";"will be Updated";"will be Updated"
"33216636";"Alcatel Radiotelephone";"One Touch 304";"will be Updated";"will be Updated"
"33216640";"Alcatel Radiotelephone";"One Touch 304";"will be Updated";"will be Updated"
"33216653";"Alcatel Radiotelephone";"One Touch 304";"will be Updated";"will be Updated"
"33216667";"Alcatel Radiotelephone";"One Touch 304";"will be Updated";"will be Updated"
"33216670";"Alcatel Radiotelephone";"One Touch 304";"will be Updated";"will be Updated"
"33216671";"Alcatel Radiotelephone";"One Touch 304";"will be Updated";"will be Updated"
"33216700";"Alcatel Radiotelephone";"ONE TOUCH 302, 303";"will be Updated";"will be Updated"
"33216736";"Alcatel Radiotelephone";"One Touch 302";"will be Updated";"will be Updated"
"33216740";"Alcatel Radiotelephone";"One Touch 302";"will be Updated";"will be Updated"
"33216753";"Alcatel Radiotelephone";"One Touch 302";"will be Updated";"will be Updated"
"33216767";"Alcatel Radiotelephone";"One Touch 302";"will be Updated";"will be Updated"
"33216770";"Alcatel Radiotelephone";"One Touch 302";"will be Updated";"will be Updated"
"33216771";"Alcatel Radiotelephone";"One Touch 302";"will be Updated";"will be Updated"
"33216836";"Alcatel Radiotelephone";"One Touch 302";"will be Updated";"will be Updated"
"33216840";"Alcatel Radiotelephone";"One Touch 302";"will be Updated";"will be Updated"
"33216853";"Alcatel Radiotelephone";"One Touch 302";"will be Updated";"will be Updated"
"33216867";"Alcatel Radiotelephone";"One Touch 302";"will be Updated";"will be Updated"
"33216870";"Alcatel Radiotelephone";"One Touch 302";"will be Updated";"will be Updated"
"33216871";"Alcatel Radiotelephone";"One Touch 302";"will be Updated";"will be Updated"
"33216936";"Alcatel Radiotelephone";"One Touch 302";"will be Updated";"will be Updated"
"33216940";"Alcatel Radiotelephone";"One Touch 302";"will be Updated";"will be Updated"
"33216953";"Alcatel Radiotelephone";"One Touch 302";"will be Updated";"will be Updated"
"33216967";"Alcatel Radiotelephone";"One Touch 302";"will be Updated";"will be Updated"
"33216970";"Alcatel Radiotelephone";"One Touch 302";"will be Updated";"will be Updated"
"33216971";"Alcatel Radiotelephone";"One Touch 302";"will be Updated";"will be Updated"
"33217036";"Alcatel Radiotelephone";"One Touch 302";"will be Updated";"will be Updated"
"33217040";"Alcatel Radiotelephone";"One Touch 302";"will be Updated";"will be Updated"
"33217053";"Alcatel Radiotelephone";"One Touch 302";"will be Updated";"will be Updated"
"33217067";"Alcatel Radiotelephone";"One Touch 302";"will be Updated";"will be Updated"
"33217070";"Alcatel Radiotelephone";"One Touch 302";"will be Updated";"will be Updated"
"33217071";"Alcatel Radiotelephone";"One Touch 302";"will be Updated";"will be Updated"
"33217136";"Alcatel Radiotelephone";"One Touch 304";"will be Updated";"will be Updated"
"33217140";"Alcatel Radiotelephone";"One Touch 304";"will be Updated";"will be Updated"
"33217153";"Alcatel Radiotelephone";"One Touch 304";"will be Updated";"will be Updated"
"33217167";"Alcatel Radiotelephone";"One Touch 304";"will be Updated";"will be Updated"
"33217170";"Alcatel Radiotelephone";"One Touch 304";"will be Updated";"will be Updated"
"33217171";"Alcatel Radiotelephone";"One Touch 304";"will be Updated";"will be Updated"
"33217236";"Alcatel Radiotelephone";"One Touch 302";"will be Updated";"will be Updated"
"33217240";"Alcatel Radiotelephone";"One Touch 302";"will be Updated";"will be Updated"
"33217253";"Alcatel Radiotelephone";"One Touch 302";"will be Updated";"will be Updated"
"33217267";"Alcatel Radiotelephone";"One Touch 302";"will be Updated";"will be Updated"
"33217270";"Alcatel Radiotelephone";"One Touch 302";"will be Updated";"will be Updated"
"33217271";"Alcatel Radiotelephone";"One Touch 302";"will be Updated";"will be Updated"
"33217336";"Alcatel Radiotelephone";"One Touch 304";"will be Updated";"will be Updated"
"33217340";"Alcatel Radiotelephone";"One Touch 304";"will be Updated";"will be Updated"
"33217353";"Alcatel Radiotelephone";"One Touch 304";"will be Updated";"will be Updated"
"33217367";"Alcatel Radiotelephone";"One Touch 304";"will be Updated";"will be Updated"
"33217370";"Alcatel Radiotelephone";"One Touch 304";"will be Updated";"will be Updated"
"33217371";"Alcatel Radiotelephone";"One Touch 304";"will be Updated";"will be Updated"
"33217436";"Alcatel Radiotelephone";"One Touch 304";"will be Updated";"will be Updated"
"33217440";"Alcatel Radiotelephone";"One Touch 304";"will be Updated";"will be Updated"
"33217453";"Alcatel Radiotelephone";"One Touch 304";"will be Updated";"will be Updated"
"33217467";"Alcatel Radiotelephone";"One Touch 304";"will be Updated";"will be Updated"
"33217470";"Alcatel Radiotelephone";"One Touch 304";"will be Updated";"will be Updated"
"33217471";"Alcatel Radiotelephone";"One Touch 304";"will be Updated";"will be Updated"
"01037200";"Nokia Mobile Phones Ltd";"RH-36 / 1100b";"PCS Type Certification Review Board (PTCRB)";"North America"
"01111400";"Nokia Mobile Phones Ltd";"RM-75(225) /  6030b";"PCS Type Certification Review Board (PTCRB)";"North America"
"01045600";"LG Electronics";"G4015";"PCS Type Certification Review Board (PTCRB)";"North America"
"33217536";"Alcatel Radiotelephone";"One Touch 304";"will be Updated";"will be Updated"
"33217540";"Alcatel Radiotelephone";"One Touch 304";"will be Updated";"will be Updated"
"33217553";"Alcatel Radiotelephone";"One Touch 304";"will be Updated";"will be Updated"
"33217567";"Alcatel Radiotelephone";"One Touch 304";"will be Updated";"will be Updated"
"33217570";"Alcatel Radiotelephone";"One Touch 304";"will be Updated";"will be Updated"
"33217571";"Alcatel Radiotelephone";"One Touch 304";"will be Updated";"will be Updated"
"33217636";"Alcatel Radiotelephone";"One Touch 304";"will be Updated";"will be Updated"
"33217640";"Alcatel Radiotelephone";"One Touch 304";"will be Updated";"will be Updated"
"33217653";"Alcatel Radiotelephone";"One Touch 304";"will be Updated";"will be Updated"
"33217667";"Alcatel Radiotelephone";"One Touch 304";"will be Updated";"will be Updated"
"33217670";"Alcatel Radiotelephone";"One Touch 304";"will be Updated";"will be Updated"
"33217671";"Alcatel Radiotelephone";"One Touch 304";"will be Updated";"will be Updated"
"33217735";"Sagem ";"M 42 FB";"will be Updated";"will be Updated"
"33217800";"Sagem ";"MW 959";"will be Updated";"will be Updated"
"33217811";"Sagem";"MW959";"will be Updated";"will be Updated"
"33217820";"Sagem";"MW959";"will be Updated";"will be Updated"
"33217822";"Sagem";"MW959";"will be Updated";"will be Updated"
"33217835";"Sagem";"MW959";"will be Updated";"will be Updated"
"33217842";"Sagem";"MW959";"will be Updated";"will be Updated"
"33217859";"Sagem ";"MW 959";"will be Updated";"will be Updated"
"33217872";"Sagem";"MW959";"will be Updated";"will be Updated"
"33217882";"Sagem";"MW959";"will be Updated";"will be Updated"
"33217895";"Sagem";"MW959";"will be Updated";"will be Updated"
"33218000";"Sagem ";"MW 936E";"will be Updated";"will be Updated"
"33218035";"Sagem ";"MW 936E";"will be Updated";"will be Updated"
"33218072";"Sagem ";"MW 936E";"will be Updated";"will be Updated"
"33218082";"Sagem ";"MW 936E";"will be Updated";"will be Updated"
"33218095";"Sagem ";"MW 936E";"will be Updated";"will be Updated"
"33218135";"Sagem ";"MW 936";"will be Updated";"will be Updated"
"33218142";"Sagem ";"MW 936";"will be Updated";"will be Updated"
"33218172";"Sagem ";"MW 936";"will be Updated";"will be Updated"
"33218182";"Sagem ";"MW 936";"will be Updated";"will be Updated"
"33218195";"Sagem ";"MW 936";"will be Updated";"will be Updated"
"33218211";"Sagem";"MW930";"will be Updated";"will be Updated"
"33218220";"Sagem";"MW930";"will be Updated";"will be Updated"
"33218222";"Sagem";"MW930";"will be Updated";"will be Updated"
"33218235";"Sagem";"MW930";"will be Updated";"will be Updated"
"33218242";"Sagem";"MW930";"will be Updated";"will be Updated"
"33218272";"Sagem";"MW930";"will be Updated";"will be Updated"
"33218282";"Sagem";"MW930";"will be Updated";"will be Updated"
"33218295";"Sagem";"MW930";"will be Updated";"will be Updated"
"33218482";"Sagem ";"M 42 SP";"will be Updated";"will be Updated"
"33218536";"Alcatel Radiotelephone";"One Touch 501";"will be Updated";"will be Updated"
"33218540";"Alcatel Radiotelephone";"One Touch 501";"will be Updated";"will be Updated"
"33218553";"Alcatel Radiotelephone";"One Touch 501";"will be Updated";"will be Updated"
"33218567";"Alcatel Radiotelephone";"One Touch 501";"will be Updated";"will be Updated"
"33218570";"Alcatel Radiotelephone";"One Touch 501";"will be Updated";"will be Updated"
"33218571";"Alcatel Radiotelephone";"One Touch 501";"will be Updated";"will be Updated"
"33218636";"Alcatel Radiotelephone";"One Touch 501";"will be Updated";"will be Updated"
"33218640";"Alcatel Radiotelephone";"One Touch 501";"will be Updated";"will be Updated"
"33218653";"Alcatel Radiotelephone";"One Touch 501";"will be Updated";"will be Updated"
"33218667";"Alcatel Radiotelephone";"One Touch 501";"will be Updated";"will be Updated"
"33218670";"Alcatel Radiotelephone";"One Touch 501";"will be Updated";"will be Updated"
"33218671";"Alcatel Radiotelephone";"One Touch 501";"will be Updated";"will be Updated"
"33219036";"Alcatel Radiotelephone";"One Touch 701";"will be Updated";"will be Updated"
"33219040";"Alcatel Radiotelephone";"One Touch 701";"will be Updated";"will be Updated"
"33219053";"Alcatel Radiotelephone";"One Touch 701";"will be Updated";"will be Updated"
"33219067";"Alcatel Radiotelephone";"One Touch 701";"will be Updated";"will be Updated"
"33219070";"Alcatel Radiotelephone";"One Touch 701";"will be Updated";"will be Updated"
"33219071";"Alcatel Radiotelephone";"One Touch 701";"will be Updated";"will be Updated"
"33219136";"Alcatel Radiotelephone";"One Touch 701";"will be Updated";"will be Updated"
"33219140";"Alcatel Radiotelephone";"One Touch 701";"will be Updated";"will be Updated"
"33219153";"Alcatel Radiotelephone";"One Touch 701";"will be Updated";"will be Updated"
"33219167";"Alcatel Radiotelephone";"One Touch 701";"will be Updated";"will be Updated"
"33219170";"Alcatel Radiotelephone";"One Touch 701";"will be Updated";"will be Updated"
"33219171";"Alcatel Radiotelephone";"One Touch 701";"will be Updated";"will be Updated"
"33219534";"Mitsubishi Electric";"Geo";"will be Updated";"will be Updated"
"33219535";"Mitsubishi Electric";"Geo";"will be Updated";"will be Updated"
"33219711";"Sagem";"MC932";"will be Updated";"will be Updated"
"33219720";"Sagem";"MC932";"will be Updated";"will be Updated"
"33219722";"Sagem";"MC932";"will be Updated";"will be Updated"
"33219735";"Sagem";"MC932";"will be Updated";"will be Updated"
"33219742";"Sagem";"MC932";"will be Updated";"will be Updated"
"33219772";"Sagem";"MC932";"will be Updated";"will be Updated"
"33219782";"Sagem";"MC932";"will be Updated";"will be Updated"
"33219795";"Sagem";"MC932";"will be Updated";"will be Updated"
"33219834";"Mitsubishi Electric";"MArs";"will be Updated";"will be Updated"
"33219835";"Mitsubishi Electric";"MArs";"will be Updated";"will be Updated"
"33219934";"Mitsubishi Electric";"MArs";"will be Updated";"will be Updated"
"33219935";"Mitsubishi Electric";"MArs";"will be Updated";"will be Updated"
"33220034";"Mitsubishi Electric";"MArs";"will be Updated";"will be Updated"
"33220035";"Mitsubishi Electric";"MArs";"will be Updated";"will be Updated"
"33220134";"Mitsubishi Electric";"MArs";"will be Updated";"will be Updated"
"33220135";"Mitsubishi Electric";"MArs";"will be Updated";"will be Updated"
"33220234";"Mitsubishi Electric";"MArs";"will be Updated";"will be Updated"
"33220235";"Mitsubishi Electric";"MArs";"will be Updated";"will be Updated"
"33220435";"Mitsubishi Electric ";"MT250";"will be Updated";"will be Updated"
"33220534";"Mitsubishi Electric";"Neptune";"will be Updated";"will be Updated"
"33220535";"Mitsubishi Electric";"Neptune";"will be Updated";"will be Updated"
"33220734";"Mitsubishi Electric";"Neptune";"will be Updated";"will be Updated"
"33220735";"Mitsubishi Electric";"Neptune";"will be Updated";"will be Updated"
"33220835";"Sagem ";"M413SP";"will be Updated";"will be Updated"
"33221111";"Sagem";"MC920";"will be Updated";"will be Updated"
"33221120";"Sagem";"MC920";"will be Updated";"will be Updated"
"33221122";"Sagem";"MC920";"will be Updated";"will be Updated"
"33221135";"Sagem";"MC920";"will be Updated";"will be Updated"
"33221142";"Sagem";"MC920";"will be Updated";"will be Updated"
"33221172";"Sagem";"MC920";"will be Updated";"will be Updated"
"33221182";"Sagem";"MC920";"will be Updated";"will be Updated"
"33221195";"Sagem";"MC920";"will be Updated";"will be Updated"
"33221435";"Sagem ";"M412SP";"will be Updated";"will be Updated"
"33221735";"Sagem ";"MR940";"will be Updated";"will be Updated"
"33221759";"Sagem ";"MR940";"will be Updated";"will be Updated"
"33221782";"Sagem ";"MR940";"will be Updated";"will be Updated"
"33221795";"Sagem ";"MR940";"will be Updated";"will be Updated"
"33221911";"Sagem";"MC3000";"will be Updated";"will be Updated"
"33221920";"Sagem";"MC3000";"will be Updated";"will be Updated"
"33221922";"Sagem";"MC3000";"will be Updated";"will be Updated"
"33221923";"Sagem ";"MC3000";"will be Updated";"will be Updated"
"33221935";"Sagem";"MC3000";"will be Updated";"will be Updated"
"33221942";"Sagem";"MC3000";"will be Updated";"will be Updated"
"33221972";"Sagem";"MC3000";"will be Updated";"will be Updated"
"33221982";"Sagem";"MC3000";"will be Updated";"will be Updated"
"33221995";"Sagem";"MC3000";"will be Updated";"will be Updated"
"33222035";"Sagem ";"MC3020";"will be Updated";"will be Updated"
"33222100";"Sagem ";"MW3020";"will be Updated";"will be Updated"
"33222111";"Sagem";"MW3020";"will be Updated";"will be Updated"
"33222120";"Sagem";"MW3020";"will be Updated";"will be Updated"
"33222122";"Sagem";"MW3020";"will be Updated";"will be Updated"
"33222135";"Sagem";"MW3020";"will be Updated";"will be Updated"
"33222142";"Sagem";"MW3020";"will be Updated";"will be Updated"
"33222172";"Sagem";"MW3020";"will be Updated";"will be Updated"
"33222182";"Sagem";"MW3020";"will be Updated";"will be Updated"
"33222195";"Sagem";"MW3020";"will be Updated";"will be Updated"
"33222511";"Sagem";"MW959";"will be Updated";"will be Updated"
"33222520";"Sagem";"MW959";"will be Updated";"will be Updated"
"33222522";"Sagem";"MW959";"will be Updated";"will be Updated"
"33222535";"Sagem";"MW959";"will be Updated";"will be Updated"
"33222542";"Sagem";"MW959";"will be Updated";"will be Updated"
"33222572";"Sagem";"MW959";"will be Updated";"will be Updated"
"33222582";"Sagem";"MW959";"will be Updated";"will be Updated"
"33222595";"Sagem";"MW959";"will be Updated";"will be Updated"
"33223111";"Sagem";"WA3020";"will be Updated";"will be Updated"
"33223120";"Sagem";"WA3020";"will be Updated";"will be Updated"
"33223122";"Sagem";"WA3020";"will be Updated";"will be Updated"
"33223135";"Sagem";"WA3020";"will be Updated";"will be Updated"
"33223142";"Sagem";"WA3020";"will be Updated";"will be Updated"
"33223172";"Sagem";"WA3020";"will be Updated";"will be Updated"
"33223182";"Sagem";"WA3020";"will be Updated";"will be Updated"
"33223195";"Sagem";"WA3020";"will be Updated";"will be Updated"
"33223235";"Sagem ";"MD958";"will be Updated";"will be Updated"
"33223835";"Sagem ";"M422 SP";"will be Updated";"will be Updated"
"33223842";"Sagem ";"M422 SP";"will be Updated";"will be Updated"
"33223882";"Sagem ";"M422 SP";"will be Updated";"will be Updated"
"33223895";"Sagem ";"M422 SP";"will be Updated";"will be Updated"
"33224011";"Sagem";"MW930";"will be Updated";"will be Updated"
"33224020";"Sagem";"MW930";"will be Updated";"will be Updated"
"33224022";"Sagem";"MW930";"will be Updated";"will be Updated"
"33224035";"Sagem";"MW930";"will be Updated";"will be Updated"
"33224042";"Sagem";"MW930";"will be Updated";"will be Updated"
"33224072";"Sagem";"MW930";"will be Updated";"will be Updated"
"33224082";"Sagem";"MW930";"will be Updated";"will be Updated"
"33224095";"Sagem";"MW930";"will be Updated";"will be Updated"
"33224135";"Sagem ";"M422 PLP";"will be Updated";"will be Updated"
"33224142";"Sagem ";"M422 PLP";"will be Updated";"will be Updated"
"33224182";"Sagem ";"M422 PLP";"will be Updated";"will be Updated"
"33224335";"Sagem ";"M422 FP";"will be Updated";"will be Updated"
"33224382";"Sagem ";"M422 FP";"will be Updated";"will be Updated"
"33224695";"Sagem ";"GD950";"will be Updated";"will be Updated"
"33224722";"Sagem ";"G950";"will be Updated";"will be Updated"
"33227234";"Mitsubishi Electric";"Mondo";"will be Updated";"will be Updated"
"33227235";"Mitsubishi Electric";"Mondo";"will be Updated";"will be Updated"
"33227435";"Sagem ";"M 42 SP";"will be Updated";"will be Updated"
"33228159";"Sagem ";"RT 30";"will be Updated";"will be Updated"
"33228400";"Alcatel Radiotelephone";"One Touch 311";"will be Updated";"will be Updated"
"33228402";"Alcatel Radiotelephone";"One Touch 311";"will be Updated";"will be Updated"
"33228436";"Alcatel Radiotelephone";"One Touch 311";"will be Updated";"will be Updated"
"33228440";"Alcatel Radiotelephone";"One Touch 311";"will be Updated";"will be Updated"
"33228442";"Alcatel Radiotelephone";"One Touch 311";"will be Updated";"will be Updated"
"33228453";"Alcatel Radiotelephone";"One Touch 311";"will be Updated";"will be Updated"
"33228467";"Alcatel Radiotelephone";"One Touch 311";"will be Updated";"will be Updated"
"33228470";"Alcatel Radiotelephone";"One Touch 311";"will be Updated";"will be Updated"
"33228471";"Alcatel Radiotelephone";"One Touch 311";"will be Updated";"will be Updated"
"33228484";"Alcatel Radiotelephone";"One Touch 311";"will be Updated";"will be Updated"
"33228494";"Alcatel Radiotelephone";"One Touch 311";"will be Updated";"will be Updated"
"33228536";"Alcatel Radiotelephone";"One Touch 311";"will be Updated";"will be Updated"
"33228540";"Alcatel Radiotelephone";"One Touch 311";"will be Updated";"will be Updated"
"33228553";"Alcatel Radiotelephone";"One Touch 311";"will be Updated";"will be Updated"
"33228567";"Alcatel Radiotelephone";"One Touch 311";"will be Updated";"will be Updated"
"33228570";"Alcatel Radiotelephone";"One Touch 311";"will be Updated";"will be Updated"
"33228571";"Alcatel Radiotelephone";"One Touch 311";"will be Updated";"will be Updated"
"33228584";"Alcatel Radiotelephone";"One Touch 311";"will be Updated";"will be Updated"
"33228636";"Alcatel Radiotelephone";"One Touch 311";"will be Updated";"will be Updated"
"33228640";"Alcatel Radiotelephone";"One Touch 311";"will be Updated";"will be Updated"
"33228653";"Alcatel Radiotelephone";"One Touch 311";"will be Updated";"will be Updated"
"33228667";"Alcatel Radiotelephone";"One Touch 311";"will be Updated";"will be Updated"
"33228670";"Alcatel Radiotelephone";"One Touch 311";"will be Updated";"will be Updated"
"33228671";"Alcatel Radiotelephone";"One Touch 311";"will be Updated";"will be Updated"
"33228684";"Alcatel Radiotelephone";"One Touch 311";"will be Updated";"will be Updated"
"33228736";"Alcatel Radiotelephone";"One Touch 311";"will be Updated";"will be Updated"
"33228740";"Alcatel Radiotelephone";"One Touch 311";"will be Updated";"will be Updated"
"33228753";"Alcatel Radiotelephone";"One Touch 311";"will be Updated";"will be Updated"
"33228767";"Alcatel Radiotelephone";"One Touch 311";"will be Updated";"will be Updated"
"33228770";"Alcatel Radiotelephone";"One Touch 311";"will be Updated";"will be Updated"
"33228771";"Alcatel Radiotelephone";"One Touch 311";"will be Updated";"will be Updated"
"33228784";"Alcatel Radiotelephone";"One Touch 311";"will be Updated";"will be Updated"
"33228836";"Alcatel Radiotelephone";"One Touch 311";"will be Updated";"will be Updated"
"33228840";"Alcatel Radiotelephone";"One Touch 311";"will be Updated";"will be Updated"
"33228853";"Alcatel Radiotelephone";"One Touch 311";"will be Updated";"will be Updated"
"33228867";"Alcatel Radiotelephone";"One Touch 311";"will be Updated";"will be Updated"
"33228870";"Alcatel Radiotelephone";"One Touch 311";"will be Updated";"will be Updated"
"33228871";"Alcatel Radiotelephone";"One Touch 311";"will be Updated";"will be Updated"
"33228884";"Alcatel Radiotelephone";"One Touch 311";"will be Updated";"will be Updated"
"33228936";"Alcatel Radiotelephone";"One Touch 311";"will be Updated";"will be Updated"
"33228940";"Alcatel Radiotelephone";"One Touch 311";"will be Updated";"will be Updated"
"33228953";"Alcatel Radiotelephone";"One Touch 311";"will be Updated";"will be Updated"
"33228967";"Alcatel Radiotelephone";"One Touch 311";"will be Updated";"will be Updated"
"33228970";"Alcatel Radiotelephone";"One Touch 311";"will be Updated";"will be Updated"
"33228971";"Alcatel Radiotelephone";"One Touch 311";"will be Updated";"will be Updated"
"33228984";"Alcatel Radiotelephone";"One Touch 311";"will be Updated";"will be Updated"
"33229000";"Alcatel Radiotelephone";"ONE TOUCH 511";"will be Updated";"will be Updated"
"33229027";"Alcatel Radiotelephone";"ONE TOUCH 511";"will be Updated";"will be Updated"
"33229030";"Alcatel Radiotelephone";"ONE TOUCH 511";"will be Updated";"will be Updated"
"33229036";"Alcatel Radiotelephone";"One Touch 511, 512";"will be Updated";"will be Updated"
"33229040";"Alcatel Radiotelephone";"One Touch 511, 512";"will be Updated";"will be Updated"
"33229042";"Alcatel Radiotelephone";"ONE TOUCH 511";"will be Updated";"will be Updated"
"33229053";"Alcatel Radiotelephone";"One Touch 511, 512";"will be Updated";"will be Updated"
"33229067";"Alcatel Radiotelephone";"One Touch 511, 512";"will be Updated";"will be Updated"
"33229070";"Alcatel Radiotelephone";"One Touch 511, 512";"will be Updated";"will be Updated"
"33229071";"Alcatel Radiotelephone";"One Touch 511, 512";"will be Updated";"will be Updated"
"33229084";"Alcatel Radiotelephone";"One Touch 511, 512";"will be Updated";"will be Updated"
"33229094";"Alcatel Radiotelephone";"ONE TOUCH 511";"will be Updated";"will be Updated"
"33229100";"Alcatel Radiotelephone";"ONE TOUCH 511";"will be Updated";"will be Updated"
"33229136";"Alcatel Radiotelephone";"One Touch 511, 512";"will be Updated";"will be Updated"
"33229140";"Alcatel Radiotelephone";"One Touch 511, 512";"will be Updated";"will be Updated"
"33229153";"Alcatel Radiotelephone";"One Touch 511, 512";"will be Updated";"will be Updated"
"33229159";"Alcatel Radiotelephone";"ONE TOUCH 511";"will be Updated";"will be Updated"
"33229167";"Alcatel Radiotelephone";"One Touch 511, 512";"will be Updated";"will be Updated"
"33229170";"Alcatel Radiotelephone";"One Touch 511, 512";"will be Updated";"will be Updated"
"33229171";"Alcatel Radiotelephone";"One Touch 511, 512";"will be Updated";"will be Updated"
"33229184";"Alcatel Radiotelephone";"One Touch 511, 512";"will be Updated";"will be Updated"
"33229236";"Alcatel Radiotelephone";"One Touch 511, 512";"will be Updated";"will be Updated"
"33229240";"Alcatel Radiotelephone";"One Touch 511, 512";"will be Updated";"will be Updated"
"33229253";"Alcatel Radiotelephone";"One Touch 511, 512";"will be Updated";"will be Updated"
"33229257";"Alcatel Radiotelephone";"One Touch 511, 512";"will be Updated";"will be Updated"
"33229259";"Alcatel Radiotelephone";"ONE TOUCH 511";"will be Updated";"will be Updated"
"33229267";"Alcatel Radiotelephone";"One Touch 511, 512";"will be Updated";"will be Updated"
"33229270";"Alcatel Radiotelephone";"One Touch 511, 512";"will be Updated";"will be Updated"
"33229271";"Alcatel Radiotelephone";"One Touch 511, 512";"will be Updated";"will be Updated"
"33229284";"Alcatel Radiotelephone";"One Touch 511, 512";"will be Updated";"will be Updated"
"33229336";"Alcatel Radiotelephone";"One Touch 511, 512";"will be Updated";"will be Updated"
"33229340";"Alcatel Radiotelephone";"One Touch 511, 512";"will be Updated";"will be Updated"
"33229353";"Alcatel Radiotelephone";"One Touch 511, 512";"will be Updated";"will be Updated"
"33229354";"Alcatel Radiotelephone";"One Touch 511, 512";"will be Updated";"will be Updated"
"33229367";"Alcatel Radiotelephone";"One Touch 511, 512";"will be Updated";"will be Updated"
"33229370";"Alcatel Radiotelephone";"One Touch 511, 512";"will be Updated";"will be Updated"
"33229371";"Alcatel Radiotelephone";"One Touch 511, 512";"will be Updated";"will be Updated"
"33229384";"Alcatel Radiotelephone";"One Touch 511, 512";"will be Updated";"will be Updated"
"33229436";"Alcatel Radiotelephone";"One Touch 511, 512";"will be Updated";"will be Updated"
"33229440";"Alcatel Radiotelephone";"One Touch 511, 512";"will be Updated";"will be Updated"
"33229453";"Alcatel Radiotelephone";"One Touch 511, 512";"will be Updated";"will be Updated"
"33229467";"Alcatel Radiotelephone";"One Touch 511, 512";"will be Updated";"will be Updated"
"33229470";"Alcatel Radiotelephone";"One Touch 511, 512";"will be Updated";"will be Updated"
"33229471";"Alcatel Radiotelephone";"One Touch 511, 512";"will be Updated";"will be Updated"
"33229484";"Alcatel Radiotelephone";"One Touch 511, 512";"will be Updated";"will be Updated"
"33229536";"Alcatel Radiotelephone";"One Touch 511, 512";"will be Updated";"will be Updated"
"33229540";"Alcatel Radiotelephone";"One Touch 511, 512";"will be Updated";"will be Updated"
"33229553";"Alcatel Radiotelephone";"One Touch 511, 512";"will be Updated";"will be Updated"
"33229567";"Alcatel Radiotelephone";"One Touch 511, 512";"will be Updated";"will be Updated"
"33229570";"Alcatel Radiotelephone";"One Touch 511, 512";"will be Updated";"will be Updated"
"33229571";"Alcatel Radiotelephone";"One Touch 511, 512";"will be Updated";"will be Updated"
"33229584";"Alcatel Radiotelephone";"One Touch 511, 512";"will be Updated";"will be Updated"
"33229882";"Sagem ";"M 42 PLP";"will be Updated";"will be Updated"
"33229935";"Sagem ";"M 42 SP";"will be Updated";"will be Updated"
"33229995";"Sagem ";"M 42 SP";"will be Updated";"will be Updated"
"33230035";"Sagem ";"M 42 SB";"will be Updated";"will be Updated"
"33230235";"Sagem ";"M 42 FP";"will be Updated";"will be Updated"
"33230282";"Sagem ";"M 42 FP";"will be Updated";"will be Updated"
"33230295";"Sagem ";"M 42 FP";"will be Updated";"will be Updated"
"33230411";"Sagem";"MW3026";"will be Updated";"will be Updated"
"33230420";"Sagem";"MW3026";"will be Updated";"will be Updated"
"33230422";"Sagem";"MW3026";"will be Updated";"will be Updated"
"33230435";"Sagem";"MW3026";"will be Updated";"will be Updated"
"33230442";"Sagem";"MW3026";"will be Updated";"will be Updated"
"33230472";"Sagem";"MW3026";"will be Updated";"will be Updated"
"33230482";"Sagem";"MW3026";"will be Updated";"will be Updated"
"33230495";"Sagem";"MW3026";"will be Updated";"will be Updated"
"33230511";"Sagem";"MC3016";"will be Updated";"will be Updated"
"33230520";"Sagem";"MC3016";"will be Updated";"will be Updated"
"33230522";"Sagem";"MC3016";"will be Updated";"will be Updated"
"33230535";"Sagem";"MC3016";"will be Updated";"will be Updated"
"33230542";"Sagem";"MC3016";"will be Updated";"will be Updated"
"33230572";"Sagem";"MC3016";"will be Updated";"will be Updated"
"33230582";"Sagem";"MC3016";"will be Updated";"will be Updated"
"33230595";"Sagem";"MC3016";"will be Updated";"will be Updated"
"33230705";"Sagem ";"MW 3046";"will be Updated";"will be Updated"
"33230711";"Sagem";"MW3046";"will be Updated";"will be Updated"
"33230720";"Sagem";"MW3046";"will be Updated";"will be Updated"
"33230722";"Sagem";"MW3046";"will be Updated";"will be Updated"
"33230735";"Sagem";"MW3046";"will be Updated";"will be Updated"
"33230742";"Sagem";"MW3046";"will be Updated";"will be Updated"
"33230772";"Sagem";"MW3046";"will be Updated";"will be Updated"
"33230782";"Sagem";"MW3046";"will be Updated";"will be Updated"
"33230795";"Sagem";"MW3046";"will be Updated";"will be Updated"
"33230835";"Beijing ";"MT 345";"will be Updated";"will be Updated"
"33231111";"Sagem";"MW3036";"will be Updated";"will be Updated"
"33231120";"Sagem";"MW3036";"will be Updated";"will be Updated"
"33231122";"Sagem";"MW3036";"will be Updated";"will be Updated"
"33231135";"Sagem";"MW3036";"will be Updated";"will be Updated"
"33231142";"Sagem";"MW3036";"will be Updated";"will be Updated"
"33231172";"Sagem";"MW3036";"will be Updated";"will be Updated"
"33231182";"Sagem";"MW3036";"will be Updated";"will be Updated"
"33231195";"Sagem";"MW3036";"will be Updated";"will be Updated"
"33231311";"Sagem";"MW3040";"will be Updated";"will be Updated"
"33231320";"Sagem";"MW3040";"will be Updated";"will be Updated"
"33231322";"Sagem";"MW3040";"will be Updated";"will be Updated"
"33231335";"Sagem";"MW3040";"will be Updated";"will be Updated"
"33231342";"Sagem";"MW3040";"will be Updated";"will be Updated"
"33231372";"Sagem";"MW3040";"will be Updated";"will be Updated"
"33231382";"Sagem";"MW3040";"will be Updated";"will be Updated"
"33231395";"Sagem";"MW3040";"will be Updated";"will be Updated"
"33231711";"Sagem";"MW3022";"will be Updated";"will be Updated"
"33231720";"Sagem";"MW3022";"will be Updated";"will be Updated"
"33231722";"Sagem";"MW3022";"will be Updated";"will be Updated"
"33231735";"Sagem";"MW3022";"will be Updated";"will be Updated"
"33231742";"Sagem";"MW3022";"will be Updated";"will be Updated"
"33231772";"Sagem";"MW3022";"will be Updated";"will be Updated"
"33231782";"Sagem";"MW3022";"will be Updated";"will be Updated"
"33231795";"Sagem";"MW3022";"will be Updated";"will be Updated"
"33231811";"Sagem";"MW3042";"will be Updated";"will be Updated"
"33231820";"Sagem";"MW3042";"will be Updated";"will be Updated"
"33231822";"Sagem";"MW3042";"will be Updated";"will be Updated"
"33231835";"Sagem";"MW3042";"will be Updated";"will be Updated"
"33231842";"Sagem";"MW3042";"will be Updated";"will be Updated"
"33231872";"Sagem";"MW3042";"will be Updated";"will be Updated"
"33231882";"Sagem";"MW3042";"will be Updated";"will be Updated"
"33231895";"Sagem";"MW3042";"will be Updated";"will be Updated"
"33231934";"Mitsubishi Electric";"Sirius";"will be Updated";"will be Updated"
"33231935";"Mitsubishi Electric";"Sirius";"will be Updated";"will be Updated"
"33232511";"Sagem";"MW3052";"will be Updated";"will be Updated"
"33232520";"Sagem";"MW3052";"will be Updated";"will be Updated"
"33232522";"Sagem";"MW3052";"will be Updated";"will be Updated"
"33232535";"Sagem";"MW3052";"will be Updated";"will be Updated"
"33232542";"Sagem";"MW3052";"will be Updated";"will be Updated"
"33232572";"Sagem";"MW3052";"will be Updated";"will be Updated"
"33232582";"Sagem";"MW3052";"will be Updated";"will be Updated"
"33232595";"Sagem";"MW3052";"will be Updated";"will be Updated"
"33232611";"Sagem";"MW3056";"will be Updated";"will be Updated"
"33232620";"Sagem";"MW3056";"will be Updated";"will be Updated"
"33232622";"Sagem";"MW3056";"will be Updated";"will be Updated"
"33232635";"Sagem";"MW3056";"will be Updated";"will be Updated"
"33232642";"Sagem";"MW3056";"will be Updated";"will be Updated"
"33232672";"Sagem";"MW3056";"will be Updated";"will be Updated"
"33232682";"Sagem";"MW3056";"will be Updated";"will be Updated"
"33232695";"Sagem";"MW3056";"will be Updated";"will be Updated"
"00440000";"BenQ Mobile GmbH & Co. OHG";"Prototype";"will be Updated";"will be Updated"
"01108700";"Nokia Mobile Phones Ltd";"RH-93 / 1112b";"PCS Type Certification Review Board (PTCRB)";"North America"
